gene	gene_name	baseMean	log2FoldChange	lfcSE	stat	pvalue	padj	color
ENSG00000008735	MAPK8IP2	294.358229898361	-5.68347408482317	0.28243167242136	-20.1233595230211	4.60771505552285e-90	6.70422540578575e-88	Downregulated
ENSG00000015475	BID	93.8590283373325	0.889293227753039	0.244133466444463	3.64265186868733	0.000269843676155465	0.000817963643346252	Not Significant
ENSG00000025708	TYMP	32.1047532764896	0.0327801660750066	0.393812336648451	0.0832380375738936	0.933662268058023	0.949985034982114	Not Significant
ENSG00000025770	NCAPH2	119.988966351206	0.517104781214768	0.228168637504117	2.26632716429066	0.0234313594294239	0.0431552252782428	Not Significant
ENSG00000040608	RTN4R	54.0438737509789	-3.15527364904045	0.358970645473646	-8.78978180758262	1.49850710713775e-18	1.55737702920388e-17	Downregulated
ENSG00000054611	TBC1D22A	53.8845570091132	0.0153873969520108	0.318481181431809	0.0483149330294275	0.961465253615956	0.968118992395306	Not Significant
ENSG00000069998	CECR5	68.0183700731341	1.12532764684903	0.296269339899258	3.79832637164438	0.000145676422756666	0.000455826226045052	Upregulated
ENSG00000070010	UFD1L	130.545169525392	1.51225366823371	0.256036662049481	5.90639503002681	3.49674924581816e-09	1.81706076880908e-08	Upregulated
ENSG00000070371	CLTCL1	59.614221260118	1.17203739868821	0.366170867469038	3.2007936808007	0.00137049626787874	0.00349837205221678	Upregulated
ENSG00000070413	DGCR2	279.762781369614	-0.526217560432531	0.175731778541497	-2.99443597964993	0.00274952750265293	0.00640090002617601	Not Significant
ENSG00000073169	SELO	57.1280995706601	-0.39470400580373	0.34454364132946	-1.14558493745733	0.251966932589645	0.341034313412031	Not Significant
ENSG00000075234	TTC38	49.4179188157186	0.948626902680415	0.363831938543043	2.60732168395983	0.00912535859908105	0.0180644853900176	Not Significant
ENSG00000075240	GRAMD4	105.782646829556	0.502200632884667	0.263118986699902	1.90864459909709	0.0563079544434887	0.0941701996727312	Not Significant
ENSG00000077942	FBLN1	69.0361069375818	0.845727108038279	0.297484000904155	2.84293308368795	0.00447004544319454	0.0100835908834854	Not Significant
ENSG00000079974	RABL2B	63.7923738209761	-0.571563013324977	0.324835749919821	-1.75954467285715	0.0784850394712013	0.128309811719773	Not Significant
ENSG00000093000	NUP50	231.515793090821	0.661403330256329	0.209005020909928	3.16453321253639	0.00155331932750665	0.00386338396841398	Not Significant
ENSG00000093010	COMT	130.719104724078	0.336125168013028	0.229055588776565	1.46743927885953	0.142256595973362	0.211207497082899	Not Significant
ENSG00000093072	CECR1	33.8213435733322	0.116577672898353	0.403541009013627	0.288886805292239	0.772668001296282	0.828408807095871	Not Significant
ENSG00000099889	ARVCF	101.05657950624	-1.69466411327663	0.28255185181152	-5.99771016332632	2.00119285062087e-09	1.07842059172347e-08	Downregulated
ENSG00000099899	TRMT2A	85.4131309062733	0.313568923180625	0.265417002997525	1.1814198775485	0.23743596536269	0.322868532338985	Not Significant
ENSG00000099901	RANBP1	241.398256814089	2.40299792562554	0.198364268949168	12.114066400947	8.89714302497418e-34	1.61816788766718e-32	Upregulated
ENSG00000099904	ZDHHC8	89.0301058998568	-0.397388544881978	0.248811558966128	-1.59714663793444	0.11023302427277	0.167946649546472	Not Significant
ENSG00000099910	KLHL22	72.6420945541354	-0.371418056819807	0.274119573788556	-1.35494905265796	0.17543378965638	0.253986232786103	Not Significant
ENSG00000099917	MED15	145.479393195523	0.860557767357657	0.224034952759887	3.84117637340265	0.000122446092437629	0.000387302314123369	Not Significant
ENSG00000099940	SNAP29	74.9445851533234	0.640701681643598	0.296585418698491	2.16026021931623	0.0307525306850967	0.0539095568033924	Not Significant
ENSG00000099942	CRKL	474.459048714504	0.192787972325067	0.153781554685883	1.25364822015786	0.209969896228086	0.296607960205695	Not Significant
ENSG00000099949	LZTR1	179.935260529637	0.172693640344937	0.226276980376245	0.763195796840617	0.445346635102081	0.558602891442697	Not Significant
ENSG00000099954	CECR2	109.749504020889	-1.06378855355392	0.281020871581993	-3.78544322194068	0.000153434864602604	0.000474995165950616	Downregulated
ENSG00000099956	SMARCB1	100.712262027937	0.142836681841597	0.286485063661866	0.49858334677505	0.618072939443752	0.708107186528079	Not Significant
ENSG00000099957	P2RX6	27.3288582413342	0.153000047652933	0.418569484140191	0.365530822121971	0.714715203444555	0.778959266675526	Not Significant
ENSG00000099968	BCL2L13	224.412715211412	-0.500665544806239	0.189599648349052	-2.6406459567083	0.00827481411635581	0.0167585110786035	Not Significant
ENSG00000099977	DDT	69.9729087452824	1.04501747898948	0.287521145566744	3.6345760828464	0.000278438082235666	0.000835314246706999	Upregulated
ENSG00000099991	CABIN1	336.496645844886	-0.60264563182158	0.183033455359842	-3.2925435988562	0.000992855025665686	0.00260289020242085	Not Significant
ENSG00000099992	TBC1D10A	32.3142860898183	0.304293110688059	0.393508053777742	0.773283056767951	0.439354880831879	0.553473031697302	Not Significant
ENSG00000099995	SF3A1	246.726162195847	-0.279225957899737	0.185712425834683	-1.50353944624199	0.13269999284085	0.198353450445164	Not Significant
ENSG00000099999	RNF215	57.9000537054365	-0.537618701801122	0.337887554142032	-1.59111720810863	0.11158320052075	0.169118288289262	Not Significant
ENSG00000100003	SEC14L2	68.7451036050771	-1.40639889574149	0.280259345049737	-5.01820517525259	5.21564580615519e-07	2.13768018252276e-06	Downregulated
ENSG00000100014	SPECC1L	309.670566382496	-0.554855691756744	0.207575752696046	-2.67302748297978	0.0075170091806977	0.0155138274580357	Not Significant
ENSG00000100023	PPIL2	138.201234324337	0.722316834004729	0.32159161054163	2.2460686483338	0.0246996111351142	0.0443678200019645	Not Significant
ENSG00000100027	YPEL1	46.2742593401393	-2.17845129687069	0.36716760810159	-5.93312495112026	2.97222474658129e-09	1.57257709319119e-08	Downregulated
ENSG00000100028	SNRPD3	160.752941463806	1.3110669381461	0.225160896989586	5.822800298254	5.78696892912885e-09	2.90346199720086e-08	Upregulated
ENSG00000100029	PES1	142.148867379099	1.26773563049636	0.236757574322527	5.354572643025	8.57588626688348e-08	3.72475060248223e-07	Upregulated
ENSG00000100030	MAPK1	774.857199006249	-0.703092757957978	0.176590373790961	-3.9814897203302	6.84846834830462e-05	0.000221433809928516	Not Significant
ENSG00000100033	PRODH	100.517427596218	-2.14387375008876	0.255563670914866	-8.38880480317933	4.91109334948478e-17	4.6100908538712e-16	Downregulated
ENSG00000100034	PPM1F	151.672078678502	0.11273496207126	0.268939574650554	0.419183239274998	0.675082220392192	0.74412472020503	Not Significant
ENSG00000100036	SLC35E4	22.5730110736241	-1.28841073652605	0.463726192711734	-2.77838680837027	0.00546295430090462	0.0118427582753664	Downregulated
ENSG00000100038	TOP3B	102.276789868343	1.58519168576446	0.284721529668131	5.56751604844264	2.58396286314075e-08	1.17489561433431e-07	Upregulated
ENSG00000100055	CYTH4	18.407988942591	-0.928039136004512	0.569792279837834	-1.62873237992736	0.103369684954266	0.159156499056569	Not Significant
ENSG00000100056	DGCR14	54.5596936218927	0.171223342655577	0.316213557259589	0.541480081181387	0.588176723326321	0.687387254971724	Not Significant
ENSG00000100058	CRYBB2P1	40.3714874973704	0.1690360420076	0.349667667762522	0.483419136488198	0.628798163239257	0.714766662119625	Not Significant
ENSG00000100075	SLC25A1	99.3967828122377	1.67601511354765	0.269515058723046	6.21863253759756	5.01506234302134e-10	2.75355309777209e-09	Upregulated
ENSG00000100077	GRK3	210.997106921178	-1.30465396464708	0.202493242024732	-6.44295064665782	1.17172806839922e-10	6.95862995722803e-10	Downregulated
ENSG00000100083	GGA1	176.004458144434	0.461179027347724	0.198652741293003	2.32153366898425	0.0202580591328188	0.038279839010716	Not Significant
ENSG00000100084	HIRA	112.20816597469	0.540752932466302	0.263185380941483	2.05464654051789	0.0399131569525305	0.0687262051667833	Not Significant
ENSG00000100092	SH3BP1	40.6601177097327	0.28335508502288	0.424111551958861	0.668114517782259	0.50406049540431	0.608637361670764	Not Significant
ENSG00000100095	SEZ6L	278.396918561856	-5.01869136900671	0.536521113416528	-9.35413582710296	8.42858900301074e-21	1.02196641661505e-19	Downregulated
ENSG00000100097	LGALS1	282.185954923624	2.32421480219485	0.195263397933806	11.9029722251517	1.14205798049365e-32	1.9549345430803e-31	Upregulated
ENSG00000100099	HPS4	197.691934013621	0.178403237701776	0.209788392851652	0.850396131438647	0.395104886219459	0.506500096431113	Not Significant
ENSG00000100100	PIK3IP1	96.8269349321085	-2.31364904565512	0.262335733018037	-8.81942013403127	1.15053977417819e-18	1.24002620105872e-17	Downregulated
ENSG00000100104	SRRD	64.9740173479509	0.0473222493473182	0.317692175535575	0.148956294776668	0.881588119846862	0.912961362546038	Not Significant
ENSG00000100105	PATZ1	99.6819837202069	0.57003013891167	0.241887896310046	2.35658810385874	0.0184436919093887	0.0353099628002113	Not Significant
ENSG00000100106	TRIOBP	93.1247979622257	1.88822847457331	0.265097628752475	7.12276636897561	1.05782047651115e-12	6.99603996965327e-12	Upregulated
ENSG00000100109	TFIP11	99.7175082046651	0.132772888138576	0.268952294370148	0.49366705887196	0.621541332998399	0.709288344715819	Not Significant
ENSG00000100116	GCAT	43.3372880597406	0.323985217381207	0.352130189464108	0.920072254736994	0.357535002137776	0.466559128350192	Not Significant
ENSG00000100124	ANKRD54	60.1336896902563	0.139619891977311	0.307530111212789	0.454003971925545	0.649825967997806	0.730113346283249	Not Significant
ENSG00000100129	EIF3L	640.944746994844	1.20191573668903	0.156892627654511	7.66075343792276	1.84845430926634e-14	1.41552685262238e-13	Upregulated
ENSG00000100138	SNU13	231.330489927994	0.701302844397293	0.193520791462139	3.62391471788962	0.000290177320596929	0.00086164898258884	Not Significant
ENSG00000100139	MICALL1	86.9330796655004	0.701817088984853	0.265953253999761	2.63887385632621	0.00831819262061596	0.0167585110786035	Not Significant
ENSG00000100142	POLR2F	65.5071846381936	0.54439932930933	0.282387714990184	1.92784353004965	0.0538745914380959	0.0906214225924041	Not Significant
ENSG00000100146	SOX10	92.4767388915192	-0.834795533046996	0.251130966644443	-3.32414414757906	0.000886903407000944	0.00234626264942977	Not Significant
ENSG00000100150	DEPDC5	64.9785146527204	-0.179104898327892	0.33912101797143	-0.528144493665624	0.597399051142246	0.695372495529574	Not Significant
ENSG00000100151	PICK1	65.2684726812937	-1.05001895427097	0.311268640795402	-3.3733528427014	0.000742587277176227	0.00205802759674554	Downregulated
ENSG00000100154	TTC28	116.809887573119	-0.00262088869316877	0.241203811701883	-0.0108658676439494	0.991330462565329	0.991330462565329	Not Significant
ENSG00000100167	SEPT3	525.386170609	-4.64931056540077	0.191728766176459	-24.2494157664466	6.7066682533776e-130	1.95164046173288e-127	Downregulated
ENSG00000100181	TPTEP1	60.2043703052145	2.11918701276501	0.332801031859245	6.36772969400316	1.91846624327421e-10	1.09465426822117e-09	Upregulated
ENSG00000100201	DDX17	1909.40257883454	0.0401455271361422	0.143293959875262	0.280162033145633	0.779353193840517	0.830739118709123	Not Significant
ENSG00000100207	TCF20	277.256394228122	0.0345068358811028	0.181785037664611	0.189822200574984	0.849448458635833	0.900656411787172	Not Significant
ENSG00000100211	CBY1	24.2046796158373	0.263538329227293	0.436797065892692	0.603342718634555	0.546280719995301	0.648847712320949	Not Significant
ENSG00000100216	TOMM22	93.8343894778445	0.946703245188912	0.251391071994262	3.76585865869779	0.000165977672316624	0.00050841581730671	Not Significant
ENSG00000100219	XBP1	376.842350260593	2.74890074337287	0.188594907108967	14.5756891610259	4.01054846808489e-48	1.1670696042127e-46	Upregulated
ENSG00000100220	RTCB	178.350974256575	0.489680128034713	0.212074701469513	2.30899831352636	0.0209436748271738	0.0390680088122281	Not Significant
ENSG00000100221	JOSD1	183.67429282326	0.126347544416029	0.243950151802906	0.517923614649391	0.604511565121822	0.700848069523706	Not Significant
ENSG00000100225	FBXO7	267.409717574987	0.628945180393393	0.187498061840163	3.35440896946204	0.000795347173391589	0.00216304698557899	Not Significant
ENSG00000100226	GTPBP1	200.658501071225	-0.0281413450302596	0.206781711492737	-0.136092040379732	0.89174851984239	0.916956958565849	Not Significant
ENSG00000100227	POLDIP3	173.02068595391	0.0821853704499618	0.195954810088122	0.419409813992332	0.674916652948701	0.74412472020503	Not Significant
ENSG00000100228	RAB36	25.9897438046312	-1.05912494904206	0.449020891210814	-2.35874314485917	0.0183369428373293	0.0353099628002113	Downregulated
ENSG00000100234	TIMP3	396.697193326007	0.85531062884689	0.163368028093886	5.23548358161826	1.64553452701894e-07	7.04191981415457e-07	Not Significant
ENSG00000100239	PPP6R2	198.188956400089	-0.627759294212546	0.208180828742297	-3.01545198952799	0.00256596558504539	0.0060706990670586	Not Significant
ENSG00000100241	SBF1	582.772034171443	-1.13020048852593	0.158202048137458	-7.14403196312559	9.06323119484427e-13	6.27952447071353e-12	Downregulated
ENSG00000100242	SUN2	381.760635547023	-0.600700965010214	0.184552810281451	-3.25490012367798	0.00113432249303615	0.00294721290601358	Not Significant
ENSG00000100243	CYB5R3	214.504571673673	0.646789563708848	0.193342386154869	3.34530661678481	0.000821916529129827	0.00221460842571092	Not Significant
ENSG00000100246	DNAL4	30.7150338404315	-0.509389554915668	0.416794667319588	-1.22215948248945	0.221647322691306	0.305684222289906	Not Significant
ENSG00000100258	LMF2	98.707502346447	0.767706927246883	0.248383608291065	3.09081155769046	0.00199610270527182	0.00476119579700081	Not Significant
ENSG00000100263	RHBDD3	48.4330689661009	0.521072822444345	0.316088319787971	1.6485038826929	0.0992493146066241	0.15527715349746	Not Significant
ENSG00000100266	PACSIN2	157.132050458297	0.343575263612845	0.204488291894822	1.68017083241892	0.0929240825659877	0.146961456666861	Not Significant
ENSG00000100271	TTLL1	22.3667598444306	-1.30054179063922	0.46297858590229	-2.8090754739868	0.00496839974144979	0.0110366742348236	Downregulated
ENSG00000100280	AP1B1	267.889967737843	-0.316341469982655	0.181830411359456	-1.73976106426602	0.081900981916975	0.131675059325081	Not Significant
ENSG00000100281	HMGXB4	72.5819040849041	1.19327787837102	0.297016374104966	4.0175491400663	5.88065748081432e-05	0.000194462650786019	Upregulated
ENSG00000100284	TOM1	87.8847780504378	-1.00643941947005	0.261632671540591	-3.84676506012707	0.000119687637424222	0.000382737390004931	Downregulated
ENSG00000100285	NEFH	149.089176223075	-3.83613400312207	0.26365209356548	-14.5499849868226	5.84158693314613e-48	1.54536527049593e-46	Downregulated
ENSG00000100288	CHKB	62.2199147225951	-0.193965297168512	0.289567347207017	-0.669845198498305	0.502956477283267	0.608637361670764	Not Significant
ENSG00000100292	HMOX1	37.3093905862721	1.56411099027105	0.39133973325291	3.99681110136652	6.42014911919232e-05	0.000209917235245502	Upregulated
ENSG00000100294	MCAT	28.3145230626971	-0.436817798064848	0.41734671733683	-1.04665444801451	0.295258980001801	0.392497041518675	Not Significant
ENSG00000100296	THOC5	120.058078019726	0.513126584273971	0.225778698351442	2.27269706141742	0.0230444418689606	0.0427129463940608	Not Significant
ENSG00000100297	MCM5	171.699649930142	2.87165715546802	0.272477179178322	10.5390740029229	5.70579301486806e-26	7.90659889203145e-25	Upregulated
ENSG00000100299	ARSA	55.925305998106	-0.882205224157889	0.311232467518057	-2.83455396280822	0.00458897069761763	0.0102722344077441	Not Significant
ENSG00000100302	RASD2	43.3310064171227	-2.5905999092295	0.373114665943418	-6.94317362915551	3.83387723327222e-12	2.47924061084937e-11	Downregulated
ENSG00000100304	TTLL12	137.441814513993	1.08273568535163	0.250977729451142	4.3140707652406	1.60275605859766e-05	5.42327922153393e-05	Upregulated
ENSG00000100307	CBX7	181.200014619325	-3.87164210638897	0.273169547723282	-14.1730369971945	1.34553254601565e-45	3.26291642408796e-44	Downregulated
ENSG00000100311	PDGFB	37.2945752462722	-0.613740762176701	0.376048663774559	-1.63207802951971	0.102663049431367	0.158909294598552	Not Significant
ENSG00000100316	RPL3	1685.50886706075	1.62079361066531	0.141940594984849	11.4188165185465	3.367888399696e-30	5.44475291284186e-29	Upregulated
ENSG00000100319	ZMAT5	24.9958493402692	0.337702105830585	0.435995197682169	0.77455464561507	0.438602866122221	0.553473031697302	Not Significant
ENSG00000100320	RBFOX2	579.657027849268	-1.21496234984654	0.158554010375417	-7.66276644135211	1.81970094277471e-14	1.41552685262238e-13	Downregulated
ENSG00000100321	SYNGR1	375.52628568013	-3.64408103535707	0.207899067402395	-17.528125935764	8.74030512752076e-69	4.23904798684757e-67	Downregulated
ENSG00000100324	TAB1	88.3568155471544	-0.968381008049619	0.330010508142408	-2.93439446368095	0.00334199182864231	0.00759780954792901	Not Significant
ENSG00000100325	ASCC2	73.5656331975154	0.881302829570477	0.33726484093792	2.61308835845329	0.0089728101224951	0.0178841626414115	Not Significant
ENSG00000100330	MTMR3	188.839627054542	-0.996389767790415	0.199201837026842	-5.00191053788402	5.67649326867244e-07	2.29424936275511e-06	Not Significant
ENSG00000100335	MIEF1	162.249684844991	-0.0500754052029143	0.316893688735784	-0.158019572439846	0.874441375906022	0.91205175766542	Not Significant
ENSG00000100345	MYH9	1139.37736156586	1.6768913784967	0.153374214991646	10.933333080714	7.98601192233113e-28	1.16196473469918e-26	Upregulated
ENSG00000100347	SAMM50	87.1681383759915	0.809025771558468	0.296698466286873	2.72676088179112	0.00639593701778537	0.0134870845809822	Not Significant
ENSG00000100348	TXN2	42.5552721448914	0.276820877495491	0.342346768268759	0.808597898836225	0.41874647377937	0.534452736271039	Not Significant
ENSG00000100350	FOXRED2	117.608817001684	-0.0739652473086639	0.257962716621393	-0.286728439975383	0.774320259553529	0.828408807095871	Not Significant
ENSG00000100353	EIF3D	319.460922194292	1.6908623062098	0.183155772125224	9.23182647530079	2.66055808579975e-20	3.09688961187091e-19	Upregulated
ENSG00000100354	TNRC6B	530.006467939964	-0.936801874976083	0.201786120307007	-4.64254862302119	3.44137617317382e-06	1.26764615999188e-05	Not Significant
ENSG00000100359	SGSM3	145.546398967301	-0.606709439768411	0.22365322251065	-2.71272388994762	0.00667326843430968	0.0138708651027437	Not Significant
ENSG00000100360	IFT27	60.0974913922796	-0.0217361406810975	0.322931697712541	-0.0673087864556611	0.946335882173751	0.956193547613061	Not Significant
ENSG00000100362	PVALB	72.9976836605504	-3.08996250689472	0.313371334791169	-9.86038658881764	6.18109433000425e-23	8.17590204559654e-22	Downregulated
ENSG00000100364	KIAA0930	287.853478800061	-1.5411924567985	0.177630422241065	-8.67639921897456	4.08496411291211e-18	4.09905019606009e-17	Downregulated
ENSG00000100372	SLC25A17	66.1070472803876	0.398318895307585	0.312644697992429	1.27403054606488	0.202652590860054	0.287667824098905	Not Significant
ENSG00000100376	FAM118A	68.1862434303296	0.037546556373508	0.272296341942032	0.137888581630308	0.890328474742372	0.916956958565849	Not Significant
ENSG00000100379	KCTD17	41.7433596356238	-1.74513358092772	0.382127501850185	-4.56688820479588	4.95017843314578e-06	1.77839743709311e-05	Downregulated
ENSG00000100380	ST13	577.592340980018	0.224830153202747	0.154449213146949	1.45568985831501	0.145478374719013	0.213809126480974	Not Significant
ENSG00000100387	RBX1	74.13882939262	0.149987413835093	0.271291625076191	0.552864150498451	0.580356437130846	0.686519200020635	Not Significant
ENSG00000100393	EP300	409.36819133398	-0.274495592517198	0.223189125550844	-1.22987888338971	0.218742462868108	0.304269232565732	Not Significant
ENSG00000100395	L3MBTL2	117.259967064351	-0.433033334390441	0.248011844098825	-1.74601876762744	0.0808076907293197	0.131368927386771	Not Significant
ENSG00000100401	RANGAP1	314.254100017863	-0.153866393041613	0.171845426422983	-0.895376712923877	0.370585744765318	0.479290896563145	Not Significant
ENSG00000100403	ZC3H7B	428.150312668441	-0.872797029581311	0.158984309650631	-5.48983123868821	4.02317957812407e-08	1.80114654959093e-07	Not Significant
ENSG00000100410	PHF5A	57.2480397931306	0.956688302215498	0.372008561710368	2.57168355969275	0.0101205348714287	0.0198991597809848	Not Significant
ENSG00000100412	ACO2	404.836213158942	-1.19713155813387	0.161294216830423	-7.42203646019421	1.15333051429163e-13	8.60561999125294e-13	Downregulated
ENSG00000100413	POLR3H	123.408435861627	-0.637347200107617	0.239352577246198	-2.66279647973894	0.007749426856905	0.0158808677137983	Not Significant
ENSG00000100416	TRMU	100.004548674633	0.458109397922585	0.242899336093826	1.88600514636906	0.0592942611576892	0.0985978856965003	Not Significant
ENSG00000100417	PMM1	46.4805338439977	-0.79356700272813	0.350905414318025	-2.26148406478825	0.0237292983649238	0.0433585100596509	Not Significant
ENSG00000100418	DESI1	155.199967054529	0.0339533082465004	0.222403367575289	0.152665441250598	0.878662115121909	0.912961362546038	Not Significant
ENSG00000100422	CERK	240.045013059494	-0.333672814103091	0.199425680228685	-1.67316873995597	0.0942940823595706	0.148322043062892	Not Significant
ENSG00000100425	BRD1	121.176605573273	-0.167786539812089	0.234632348916842	-0.715104036534857	0.474544759901949	0.585137818353674	Not Significant
ENSG00000100426	ZBED4	106.61420408962	0.865374980749115	0.241916660384325	3.5771615703289	0.000347345493205515	0.00100076770814658	Not Significant
ENSG00000100427	MLC1	181.330846811356	-5.06231408860456	0.309804079685467	-16.3403725791608	5.09406710268138e-60	1.85296690860035e-58	Downregulated
ENSG00000100429	HDAC10	40.7413340257697	0.483497720015859	0.346782863241496	1.39423763762847	0.163245855785895	0.238716301676861	Not Significant
ENSG00000128159	TUBGCP6	233.897557131255	-0.52404435161163	0.192916453939047	-2.71643159985309	0.00659898293134939	0.0138151369282207	Not Significant
ENSG00000128185	DGCR6L	60.6100786950224	0.289042506891062	0.307833443986845	0.938957454224545	0.34775258882852	0.455837852923871	Not Significant
ENSG00000128191	DGCR8	145.369061873171	0.561803026824253	0.250096420203271	2.24634573484753	0.0246818712576793	0.0443678200019645	Not Significant
ENSG00000128203	ASPHD2	54.7078874292426	-2.33346314626127	0.356954196742909	-6.53715005329355	6.27021334408803e-11	3.84361131375605e-10	Downregulated
ENSG00000128245	YWHAH	798.974351697273	-2.54241824315959	0.152408019042124	-16.6816566420753	1.78207556442987e-62	7.40834270355844e-61	Downregulated
ENSG00000128266	GNAZ	137.335421613023	-3.37723233453563	0.270196182083066	-12.4991859932994	7.54195720483926e-36	1.46313969773882e-34	Downregulated
ENSG00000128268	MGAT3	210.869136476835	-4.68441387195607	0.252846720240354	-18.5266942260636	1.25780874166835e-76	9.15055859563723e-75	Downregulated
ENSG00000128272	ATF4	618.936168755396	1.22096666986484	0.152816342624475	7.98976502706385	1.35196186645984e-15	1.09283584205503e-14	Upregulated
ENSG00000128283	CDC42EP1	89.9014980619646	-0.224425889732622	0.258563850565739	-0.867970867704734	0.385410281014017	0.49625837068619	Not Significant
ENSG00000128294	TPST2	57.1966331922683	0.156785344989643	0.343130020841787	0.456926924100104	0.647723571040033	0.730113346283249	Not Significant
ENSG00000128309	MPST	69.616980870768	1.21568701030191	0.289852256019838	4.19416093907756	2.73883482957692e-05	9.16093029203314e-05	Upregulated
ENSG00000128311	TST	37.5550883536495	1.27338714214531	0.37839445695937	3.36523730389116	0.000764778532014604	0.00209953351713443	Upregulated
ENSG00000128335	APOL2	125.355952174018	-0.476535278980675	0.223924185025419	-2.12810991776784	0.033327971215635	0.057728807284225	Not Significant
ENSG00000130489	SCO2	26.9534341396086	0.332707484457473	0.447899162033342	0.742817831913482	0.457591977972118	0.56905669055507	Not Significant
ENSG00000130638	ATXN10	213.048143490965	-0.618294154324454	0.206315904412031	-2.99683224173386	0.00272800790519265	0.00640090002617601	Not Significant
ENSG00000131100	ATP6V1E1	332.40646370862	-1.47112919445333	0.164226195117374	-8.95794482361294	3.30785940077958e-19	3.70225802164176e-18	Downregulated
ENSG00000133422	MORC2	112.382228129617	0.817347866164165	0.294452645566214	2.77582109881355	0.00550624975544677	0.0118427582753664	Not Significant
ENSG00000133424	LARGE1	136.161925118187	-1.45173659832775	0.256400520774343	-5.66198771337685	1.49629540334206e-08	7.25703270620898e-08	Downregulated
ENSG00000133460	SLC2A11	60.4063875095096	-1.08761313121104	0.337613143509394	-3.22147745761794	0.00127531494423794	0.00328421813073664	Downregulated
ENSG00000138867	GUCD1	143.541736430434	1.25063343734392	0.224280594691734	5.57619993411767	2.45829377794244e-08	1.15381207964718e-07	Upregulated
ENSG00000138942	RNF185	93.8399094353043	-0.17987313399419	0.259825241956622	-0.692285062989455	0.488758328566333	0.597599468961356	Not Significant
ENSG00000138944	KIAA1644	163.149105368106	-0.893403339627284	0.200053033564468	-4.46583250305666	7.975799353382e-06	2.83043611199288e-05	Not Significant
ENSG00000138964	PARVG	19.630962522495	0.654600203850703	0.533210966630989	1.22765705286726	0.21957573484125	0.304269232565732	Not Significant
ENSG00000159873	CCDC117	120.124127894377	0.859184618522217	0.250970594980326	3.42344735083236	0.000618322282606236	0.00173011330998476	Not Significant
ENSG00000161179	YDJC	60.8870097781704	1.79411661893535	0.318122527596201	5.63970314360339	1.70343579912491e-08	8.12622651713685e-08	Upregulated
ENSG00000166897	ELFN2	63.1434169951327	-1.95112980718496	0.413891368038138	-4.7141108944441	2.42768430499179e-06	9.29547543095539e-06	Downregulated
ENSG00000167065	DUSP18	15.8423874213479	-0.0521069157758476	0.559648059509625	-0.0931065781260901	0.925818891550749	0.945309815583397	Not Significant
ENSG00000167074	TEF	195.171578277664	-3.22593439203351	0.55326486766719	-5.83072336697518	5.51876099883408e-09	2.8174727204574e-08	Downregulated
ENSG00000169184	MN1	72.7037092970771	1.18474744090099	0.381588421745367	3.10477827257444	0.00190421712438057	0.00461772652662289	Upregulated
ENSG00000169635	HIC2	75.8781804953479	1.95031154279466	0.298418365517744	6.53549435340866	6.33997742475224e-11	3.84361131375605e-10	Upregulated
ENSG00000170638	TRABD	65.7743283634186	0.779987246982591	0.279890830619686	2.78675526903	0.00532386686586932	0.0116484605862254	Not Significant
ENSG00000177663	IL17RA	75.1590631830122	0.123748715640971	0.327954688961353	0.377334795952724	0.70592481662923	0.772271133981601	Not Significant
ENSG00000178026	LRRC75B	23.9461797126733	-0.336600719518959	0.446758739668609	-0.753428393518699	0.451192525926209	0.56350654525548	Not Significant
ENSG00000180957	PITPNB	84.6745592068151	-0.130379574002615	0.255472106386841	-0.510347590766686	0.609807966937618	0.704183009439868	Not Significant
ENSG00000182541	LIMK2	94.4950561222066	-0.40155457949902	0.244809177916047	-1.64027583817436	0.100947827041991	0.157089934059997	Not Significant
ENSG00000182841	RRP7BP	66.9887381344822	0.176020547583999	0.280687721313559	0.627104551493241	0.530590703823771	0.633974753989308	Not Significant
ENSG00000182858	ALG12	56.0106498508695	-0.0667569443312406	0.41522920579628	-0.16077131232429	0.872273520724377	0.91205175766542	Not Significant
ENSG00000182944	EWSR1	525.063302523015	0.451940653400061	0.152131335555767	2.97072691664099	0.00297095831465938	0.00680747141390457	Not Significant
ENSG00000183172	SMDT1	28.6819098144144	-1.16164386099648	0.418739945733956	-2.77414149958963	0.00553475988127089	0.0118427582753664	Downregulated
ENSG00000183506	PI4KAP2	102.409452651865	0.440457650104885	0.256744348441491	1.71554954482381	0.0862445199358627	0.137142925143913	Not Significant
ENSG00000183530	PRR14L	289.294990605961	-0.0999553729442718	0.231683158728739	-0.431431328426001	0.666154774660653	0.742724288989464	Not Significant
ENSG00000183569	SERHL2	19.29459595079	0.250673346233978	0.495177191482629	0.506229589217201	0.612695485380127	0.70472089425145	Not Significant
ENSG00000183579	ZNRF3	94.7485964237808	-0.488109132347249	0.245600506200104	-1.98741093778349	0.0468768765766	0.0797729303145649	Not Significant
ENSG00000183597	TANGO2	79.5250532411699	-0.0652447853863361	0.388708785691062	-0.16785004041095	0.866701254356555	0.910505649883601	Not Significant
ENSG00000183628	DGCR6	60.7639924804069	-2.14088461128425	0.338329805107105	-6.32780375529289	2.48675117553997e-10	1.39162421554256e-09	Downregulated
ENSG00000183741	CBX6	594.434315067572	-1.95078548997758	0.151924515316008	-12.8404917792226	9.7254704079771e-38	2.02150849194381e-36	Downregulated
ENSG00000183762	KREMEN1	61.1752562227606	0.0541234383911747	0.294592732052094	0.183722924914535	0.85423082355072	0.900656411787172	Not Significant
ENSG00000183864	TOB2	191.765141666721	-1.30140107848769	0.20286966176464	-6.41496154312868	1.4085841457426e-10	8.19795972822193e-10	Downregulated
ENSG00000183963	SMTN	77.432170913289	0.859493620093232	0.273979012282286	3.13707832192518	0.00170640536716073	0.00420816916816757	Not Significant
ENSG00000184076	UQCR10	111.036576204766	0.257407879939765	0.24599783336943	1.04638271164446	0.295384371452199	0.392497041518675	Not Significant
ENSG00000184117	NIPSNAP1	172.791486765293	0.362294499620145	0.195149885197413	1.85649353190062	0.0633832441114627	0.104206350488337	Not Significant
ENSG00000184164	CRELD2	48.8749284359386	0.243230294038775	0.34183694493344	0.711538930018624	0.476750335572121	0.585376994310073	Not Significant
ENSG00000184208	C22orf46	41.4180657933967	0.262570636395041	0.360516914882077	0.728317106787976	0.466419492832908	0.577566265593091	Not Significant
ENSG00000184319	RPL23AP82	46.5284175091672	-0.795510089453883	0.352041980620037	-2.25970234587587	0.0238397306169902	0.0433585100596509	Not Significant
ENSG00000184381	PLA2G6	72.6866577452667	0.0919725940949873	0.288374548025722	0.318934506268506	0.749776177412935	0.811096162182766	Not Significant
ENSG00000184436	THAP7	61.6322948248686	0.517139649355668	0.300381428220043	1.72160992914928	0.0851402033174002	0.136130764644854	Not Significant
ENSG00000184470	TXNRD2	64.2033886979273	0.186436127854316	0.288676965769346	0.645829594881079	0.518389719449099	0.623352927106148	Not Significant
ENSG00000184702	SEPT5	398.473247640209	-2.35284812314498	0.171661975669507	-13.7062859376313	9.31030624384576e-43	2.08407624381471e-41	Downregulated
ENSG00000184708	EIF4ENIF1	102.594411608128	-0.587040817957392	0.249898238145319	-2.34911947484808	0.0188178675973984	0.0357908462146597	Not Significant
ENSG00000184792	OSBP2	103.319875201368	-1.19848947793331	0.256670282770816	-4.66937373892817	3.02119312770299e-06	1.12713743610458e-05	Downregulated
ENSG00000184949	FAM227A	33.5477372549681	-0.273850038378742	0.437742889201208	-0.625595629613683	0.531580206094127	0.633974753989308	Not Significant
ENSG00000184983	NDUFA6	102.860513631498	0.476091582851022	0.236436458263028	2.01361324031248	0.0440501552403419	0.0754035010290559	Not Significant
ENSG00000185022	MAFF	47.6995633175556	0.748875869979982	0.335178548468575	2.23425954137454	0.025466000767713	0.0454638418613773	Not Significant
ENSG00000185252	ZNF74	65.1536660750292	0.608099037319591	0.283871210690011	2.14216522993464	0.0321801883650703	0.0560744599654817	Not Significant
ENSG00000185339	TCN2	33.3576454228317	0.606403815453784	0.376133155970926	1.61220516146324	0.106917302481751	0.163752289590471	Not Significant
ENSG00000185340	GAS2L1	52.2489603086132	-1.71117484484052	0.338059943814792	-5.06174977588588	4.15426026296875e-07	1.75201411090421e-06	Downregulated
ENSG00000185386	MAPK11	57.4306569021319	-2.37742452933249	0.325871858329854	-7.29558097319963	2.97373063662427e-13	2.11062345184796e-12	Downregulated
ENSG00000185608	MRPL40	56.9811502765659	1.03092118486371	0.308409963374491	3.34269740699621	0.000829683183583852	0.00221502574699909	Upregulated
ENSG00000185651	UBE2L3	277.959545101271	0.272050116590773	0.171442282164762	1.58683209973444	0.112550676610178	0.169700761106538	Not Significant
ENSG00000185721	DRG1	123.363434938767	0.582076795934784	0.220687520997915	2.63756098805552	0.00835046084672684	0.0167585110786035	Not Significant
ENSG00000186575	NF2	288.842026187339	0.158474119325687	0.173673436256117	0.9124833523302	0.361514329204374	0.469645847314611	Not Significant
ENSG00000186716	BCR	301.762809890221	-0.802427393469575	0.224071626564674	-3.58112004528146	0.000342124404135438	0.000995582016034124	Not Significant
ENSG00000186951	PPARA	128.230286921672	0.574127446474427	0.247943249911236	2.31555989800071	0.0205823105592808	0.0386416282112949	Not Significant
ENSG00000187051	RPS19BP1	89.7761756642184	-0.0942230144507155	0.245747239536496	-0.383414335104758	0.701412576103267	0.770230413758682	Not Significant
ENSG00000187792	ZNF70	52.1557073884149	0.264758350503664	0.331406082673734	0.798894058816405	0.424351844215937	0.539241863173964	Not Significant
ENSG00000188130	MAPK12	81.1584653561121	0.0733214248861004	0.254618938445326	0.287965323136577	0.773373282948791	0.828408807095871	Not Significant
ENSG00000188636	LDOC1L	194.787759940339	-0.62993299231272	0.198243365755281	-3.17757413930478	0.00148512713964257	0.00372562066927575	Not Significant
ENSG00000188677	PARVB	129.100036620676	1.2532450799253	0.230241248941223	5.44318225204398	5.2337050145286e-08	2.30758812004216e-07	Upregulated
ENSG00000189060	H1F0	152.953287261294	0.210438270562552	0.203985712806992	1.03163240045966	0.302244356056114	0.399786852783314	Not Significant
ENSG00000189306	RRP7A	123.505504942555	0.462563403882007	0.248869781193515	1.85865636906045	0.0630758616068567	0.104206350488337	Not Significant
ENSG00000196236	XPNPEP3	90.5776888285122	1.22121185399566	0.338379361326047	3.60900218385056	0.000307377022472295	0.000903502156964018	Upregulated
ENSG00000196419	XRCC6	707.452407336197	0.976563456251801	0.175222982081115	5.57326125062593	2.50014208378295e-08	1.15482753393784e-07	Not Significant
ENSG00000196576	PLXNB2	309.179636731928	-0.615123627560306	0.198509198588266	-3.09871598865377	0.0019436124082319	0.0046743075272354	Not Significant
ENSG00000196588	MKL1	110.633640712069	-0.623926970223488	0.249916830985774	-2.49653841945124	0.0125412082575736	0.0244932322345901	Not Significant
ENSG00000197077	KIAA1671	141.217691790393	-0.582680833785273	0.212284666616341	-2.74480886006875	0.00605461506556659	0.0128605327305101	Not Significant
ENSG00000197182	MIRLET7BHG	76.8413590842102	-1.3242085524167	0.283471727380611	-4.67139550265878	2.99160282307513e-06	1.12713743610458e-05	Downregulated
ENSG00000198089	SFI1	120.12017729742	-0.210067855902036	0.222676066148526	-0.943378691457214	0.345487238409198	0.454917585416636	Not Significant
ENSG00000198355	PIM3	82.0779634010049	0.716331063132398	0.256446063635908	2.79330106680607	0.00521731085908101	0.0115017989393377	Not Significant
ENSG00000198792	TMEM184B	202.349380962435	-1.09809317334382	0.192956554576769	-5.69088298530402	1.26384099034732e-08	6.23352081679782e-08	Downregulated
ENSG00000198832	SELM	60.6586351785406	-2.57866610346659	0.314930755979322	-8.18804151232502	2.65511251203458e-16	2.27246394412372e-15	Downregulated
ENSG00000198911	SREBF2	543.01765690201	-0.641208297741815	0.184752930447061	-3.47062585795113	0.000519246941075243	0.0014669986393485	Not Significant
ENSG00000198951	NAGA	76.0420866688175	1.2307768101552	0.283934912380906	4.33471460002807	1.45949349272297e-05	4.99661889861629e-05	Upregulated
ENSG00000202058	RN7SKP80	307.966647919541	-0.130459708981947	0.238747129146587	-0.546434671060891	0.584767182903022	0.687359414610454	Not Significant
ENSG00000205560	CPT1B	53.2347795980787	0.149701522682226	0.315338568544459	0.474732676606034	0.634977524070812	0.718982332702749	Not Significant
ENSG00000205593	DENND6B	58.6858758705806	-1.68232530908615	0.332921615236533	-5.053217430448	4.34428855006346e-07	1.80598281152638e-06	Downregulated
ENSG00000213923	CSNK1E	313.831337453515	0.577076860909015	0.185182446560715	3.11626113396126	0.00183159999867926	0.00447895461861904	Not Significant
ENSG00000215012	C22orf29	137.500076252605	0.335501736592656	0.223266428229956	1.50269675227259	0.132917260607584	0.198353450445164	Not Significant
ENSG00000215193	PEX26	185.761664697602	-0.636461479517128	0.21394693407547	-2.97485674318014	0.00293125402356434	0.0067698009591843	Not Significant
ENSG00000219438	FAM19A5	79.8300037496579	-3.12092957329216	0.327620772480312	-9.5260430212181	1.63392778486948e-21	2.06727384955225e-20	Downregulated
ENSG00000221890	NPTXR	265.858994952977	-3.2431608313664	0.200674909670735	-16.1612671792789	9.4596987841361e-59	3.05863594020401e-57	Downregulated
ENSG00000221963	APOL6	142.649312830016	1.62378439364292	0.227957995574585	7.12317367745781	1.05469778687864e-12	6.99603996965327e-12	Upregulated
ENSG00000224086	LL22NC03-86G7.1	85.674167874392	0.613206607368362	0.28140219127039	2.17911098915059	0.0293234241004389	0.051715857049865	Not Significant
ENSG00000225783	MIAT	478.659391404633	-4.47141189205373	0.234535364140314	-19.0649794262099	4.93471659380593e-81	4.78667509599176e-79	Downregulated
ENSG00000226328	NUP50-AS1	33.688360154568	-0.269524765778602	0.398139310522939	-0.67696094973539	0.498430731148837	0.606875911147747	Not Significant
ENSG00000228274	RP3-508I15.9	17.6740740839996	-0.748027668431643	0.511196121803396	-1.46328901282105	0.143388312882965	0.211807101771283	Not Significant
ENSG00000228315	GUSBP11	51.0612517287448	-1.47701146750153	0.334346556533594	-4.41760633880829	9.97999739133096e-06	3.49901113358712e-05	Downregulated
ENSG00000235954	TTC28-AS1	56.7063094275632	-0.0552353575279985	0.298630204451962	-0.184962393972723	0.853258531847631	0.900656411787172	Not Significant
ENSG00000236850	BMS1P20	24.2546610607508	-0.49827745892943	0.440819390027931	-1.13034378750413	0.25833139049728	0.348029789975503	Not Significant
ENSG00000237037	NDUFA6-AS1	48.8251975953082	-1.5322997220154	0.331608131210448	-4.62081468395284	3.82236089989186e-06	1.39038377733566e-05	Downregulated
ENSG00000237438	CECR7	29.0516766115317	-0.5410496715676	0.405230668591492	-1.33516466917025	0.181822457542923	0.261932352202923	Not Significant
ENSG00000239900	ADSL	142.301643269107	1.9086086868201	0.236425932306202	8.07275525236464	6.87292899965759e-16	5.71434953971531e-15	Upregulated
ENSG00000240972	MIF	260.463244094483	1.62630136294771	0.194940722685133	8.34254300767367	7.27097110965074e-17	6.61203935283864e-16	Upregulated
ENSG00000241360	PDXP	180.694390583184	-1.72323347829246	0.208146306592817	-8.27895294660938	1.24263021771565e-16	1.09577391925834e-15	Downregulated
ENSG00000241878	PISD	182.930028063456	-1.52350689653665	0.206772458297465	-7.3680359032387	1.73160159628413e-13	1.25974016129671e-12	Downregulated
ENSG00000241973	PI4KA	745.044877057118	-1.31049119225954	0.155161202294889	-8.44599792265663	3.01459053762666e-17	2.92415282149786e-16	Downregulated
ENSG00000242247	ARFGAP3	105.39683034972	1.11737173142442	0.254440654630895	4.39148269385384	1.12580297869457e-05	3.90010317619191e-05	Upregulated
ENSG00000242259	C22orf39	100.565996223446	0.00807558097641328	0.248125488915843	0.0325463579404866	0.974036347303048	0.977395093328231	Not Significant
ENSG00000243156	MICAL3	421.433756527217	-2.00346775802428	0.18048996633127	-11.1001614036934	1.25217552200375e-28	1.91780566791101e-27	Downregulated
ENSG00000244627	RP3-449O17.1	19.7767627183412	0.669742668996968	0.514137090340071	1.30265386718934	0.192692958502024	0.276224881399453	Not Significant
ENSG00000250479	CHCHD10	46.1531507617423	-0.442285246365543	0.322101589439902	-1.37312345193523	0.169713971504771	0.246933828539441	Not Significant
ENSG00000251322	SHANK3	234.351420454736	-4.04122743580135	0.226648175464896	-17.8303991528371	4.10480156231853e-71	2.38899450926938e-69	Downregulated
ENSG00000253352	TUG1	414.778335894205	0.537191985660582	0.168691290816341	3.18446781135512	0.00145020438345135	0.0036696476137769	Not Significant
ENSG00000261188	CTA-445C9.14	17.5713145286411	-0.219437629398826	0.516546320952201	-0.424816943801507	0.670970124922752	0.74412472020503	Not Significant
ENSG00000272578	AP000347.2	40.9866270906562	-0.835653529533763	0.376679638353543	-2.21847279344958	0.0265226126244085	0.0470614650835541	Not Significant
ENSG00000272779	LL22NC03-80A10.6	35.9761991785403	-0.041422298835016	0.371128828969503	-0.111611644263884	0.911131338927462	0.93358880150666	Not Significant
ENSG00000273295	AP000350.5	18.3793498425357	0.599938256932366	0.488254642939868	1.22874050581482	0.219169114086257	0.304269232565732	Not Significant
ENSG00000273899	NOL12	41.1240340862018	0.443676314352295	0.36504334797986	1.21540720248044	0.224210822348563	0.307761081619961	Not Significant
ENSG00000274602	PI4KAP1	49.6401443973773	1.26769069574891	0.364498535050682	3.47790340384397	0.000505352001752934	0.00144173953441278	Upregulated
ENSG00000275004	ZNF280B	43.1314552687852	0.153404859745817	0.350270841308889	0.437960691139963	0.661414778900845	0.740275771769792	Not Significant
ENSG00000278195	SSTR3	27.6222139769134	-2.0891651967897	0.442259508189409	-4.72384461634902	2.31427267081129e-06	8.97937796274779e-06	Downregulated
ENSG00000278920	RP3-412A9.17	32.9559409013311	0.477843775981526	0.383027356735218	1.24754477083436	0.212197814857798	0.298307073060962	Not Significant
ENSG00000278948	RP5-1039K5.12	21.3247891005045	0.0351080772046913	0.469423897622222	0.0747897100734	0.940382029059953	0.953488398802949	Not Significant
ENSG00000279010	MIR4534	219.863512877108	-0.929572091576651	0.196253946768898	-4.73657782113949	2.17357299707678e-06	8.5474289479641e-06	Not Significant
ENSG00000279080	CTA-228A9.4	41.1927317277495	0.195682194412425	0.359085653103514	0.544945732922433	0.585790841317501	0.687359414610454	Not Significant
ENSG00000279159	RP3-394A18.1	135.788290127027	-0.375098323426126	0.215285204259491	-1.74233210645543	0.0814503484859565	0.131675059325081	Not Significant
ENSG00000279184	RP3-323A16.1	77.7765272163861	1.46867592587365	0.307172995177386	4.78126641642284	1.74194325622448e-06	6.94391078851128e-06	Upregulated
ENSG00000279217	CTA-212A2.3	36.1638707535599	0.788425594454877	0.402269805074489	1.95994226886824	0.0500025384019297	0.0845973178776833	Not Significant
ENSG00000279278	CH17-264L24.1	21.5017949868669	-0.15695447981646	0.474735812004601	-0.330614366659447	0.740935792923393	0.804523566196669	Not Significant
ENSG00000279738	RP5-1014D13.2	66.5964671709371	0.315405006724617	0.292987598532473	1.07651316405346	0.28169781673072	0.377760666675758	Not Significant
ENSG00000280007	AC008079.10	56.3405232202214	-2.13088329178282	0.32081753647488	-6.64204119013198	3.09368473988586e-11	1.95709186805823e-10	Downregulated
ENSG00000280156	AC006548.28	66.902920349598	0.896717243886658	0.378667848329393	2.36808392326625	0.0178804794833542	0.0346881301977072	Not Significant
ENSG00000280383	CTA-941F9.10	39.5116153728059	0.412174624350927	0.345425981155896	1.19323573453181	0.232777063293353	0.318019368161342	Not Significant
ENSG00000280434	RP4-671O14.6	23.0887303512466	0.577856185068807	0.445883456055619	1.29598032225875	0.194982264378128	0.278136465362918	Not Significant
