gene	gene_name	HBR_R1	HBR_R2	HBR_R3	UHR_R1	UHR_R2	UHR_R3
ENSG00000008735	MAPK8IP2	395.801846424741	538	472	15.6615939183669	16	10.2737935235747
ENSG00000015475	BID	71.0855817282641	85.1593978681267	85.3611961447369	108.619938639235	80.4303456635748	114.134274363711
ENSG00000025708	TYMP	23	27.9871479663873	30.479142434487	58.335655340551	23.1060255924404	38.1982190328423
ENSG00000025770	NCAPH2	82.015680162279	90.1515190081799	79.9398532141403	210.197379854995	123.787675769164	173.391253548016
ENSG00000040608	RTN4R	72	92	81	18	11	11
ENSG00000054611	TBC1D22A	36	49.394966116272	44.4679893631221	78.7737956988142	51.258223537009	72
ENSG00000056487	PHF21B	14	12	6	13	15	11
ENSG00000063515	GSC2	0	0	0	0	0	0
ENSG00000069998	CECR5	31.2282094688144	43	33	124	81	137
ENSG00000070010	UFD1L	51.8772013960266	70.787602134111	60.7155399766722	255.960312486383	184.072362077553	191.227980556798
ENSG00000070371	CLTCL1	32	38	35	95	65	78
ENSG00000070413	DGCR2	297	346	306	301	171	265
ENSG00000073146	MOV10L1	10	8	6	1.19171596195648	6	1
ENSG00000073150	PANX2	57	70	70	7	7	7
ENSG00000073169	SELO	53.8858392468866	67.3321341578953	34	76.7193369696584	40	68.6036682748049
ENSG00000075218	GTSE1	4	3.12839964772065	5.15460599588141	147.05781687935	107.412154850873	117.027526131633
ENSG00000075234	TTC38	27	29	21.0682332505096	89	72.1666904046161	83.0493825242892
ENSG00000075240	GRAMD4	91.9938336641636	100	71	150	91	131
ENSG00000075275	CELSR1	1	10	7	240	132	184
ENSG00000077935	SMC1B	2	0	4	6	10	9
ENSG00000077942	FBLN1	42	47	33	115	92	111
ENSG00000079974	RABL2B	72.6108564776267	64.7257574871164	55.7219050047898	74.2537002503099	54.9528979045267	45.9649130561467
ENSG00000093000	NUP50	130.120586223947	168.382781059025	153	405.607875215913	287.165757512591	319
ENSG00000093009	CDC45	1	1	0	220	148	167
ENSG00000093010	COMT	99.0363020362194	117.108455350893	94.1033524630002	211.109507014095	117	171.101407100289
ENSG00000093072	CECR1	31.3732584085224	30.8725526092011	33.5188758360814	41.0244848086108	34.4952161838114	26.9103311387505
ENSG00000093100	XXbac-B461K10.4	47.4070461100982	56.1779493745191	50.4060931611222	9.27847692413914	9.28579980469218	4.78277974505955
ENSG00000099889	ARVCF	137	146	127	78	35	49
ENSG00000099899	TRMT2A	52	71.8022008158122	46	176.371530627568	85.8727484111671	135.844171337177
ENSG00000099901	RANBP1	52	75.4215649107801	71	583.628469372432	391.219386081179	470.155828662823
ENSG00000099904	ZDHHC8	91	93	89	102	77	78
ENSG00000099910	KLHL22	68.9902587845656	85	81	78	51	71
ENSG00000099917	MED15	93	113.059708131459	85.9536842747111	255	151	202
ENSG00000099937	SERPIND1	12	11	7	154	108	122
ENSG00000099940	SNAP29	42.9034032251281	60.0724781982088	49.8400897500436	131.412643464077	88.0286045909485	90.7196752134234
ENSG00000099942	CRKL	341	420	365.935527938827	746.004594889192	475.971723288973	600.66756837345
ENSG00000099949	LZTR1	132	175	121	283.774275478708	182	214
ENSG00000099953	MMP11	3.757767708133	1	1	34.7091101988965	18.2219542821318	26.758226013567
ENSG00000099954	CECR2	112.814950544134	85	117.768280151778	111	82.5075330628168	95.0222487322117
ENSG00000099956	SMARCB1	67	77	60	162	130	134
ENSG00000099957	P2RX6	34	33	30	23	18	27
ENSG00000099958	DERL3	4	7	7	75	40	72
ENSG00000099960	SLC7A4	19	25	17	9	4	2
ENSG00000099968	BCL2L13	205.150279491834	279.723023410661	256	243.155087173841	164.039990827531	195.121471816803
ENSG00000099974	DDTL	3.79248358104773	8.86670614319375	10.2046501629171	14.0708300300316	13.8558421259601	13.6352115884833
ENSG00000099977	DDT	41.2075164189523	37.1332938568062	37.7953498370829	115.929169969968	91.1441578740399	126.364788411517
ENSG00000099984	GSTT2	0	7.07664352220406e-05	0	0	0	0
ENSG00000099985	OSM	0	0	1	0	0	2
ENSG00000099991	CABIN1	276	308	295	481	282	361
ENSG00000099992	TBC1D10A	17.0362958044324	21.7408713141981	23.0086575021358	54.537347467971	42.0771593752623	51.0804275238692
ENSG00000099994	SUSD2	7	8	7	11	17	9
ENSG00000099995	SF3A1	183	237.873231517071	180.944122577414	376	250	289.958339133175
ENSG00000099998	GGT5	31.3262586416031	37.6253933428056	30.6801388787155	18.256371077751	22.8372518859401	8.98994050044033
ENSG00000099999	RNF215	57.4376908238	71.7978100372741	48.4338494113051	61.7595898630319	43.508579095688	52.8838197733704
ENSG00000100003	SEC14L2	71.1093973832789	98.6240007461427	86.8192649608978	50.5907421144493	41	41
ENSG00000100012	SEC14L3	1.02373853915612	0	1	1.01044161506084	2	0
ENSG00000100014	SPECC1L	257.504507111372	331.350752344904	315.013979801459	434	243.620462232536	254.849367053336
ENSG00000100023	PPIL2	74.0614051018552	73.9377015299427	84.5354432385319	251.496637037279	151.319971723489	223.867679751151
ENSG00000100024	UPB1	3	7.22054435756296	5	6.74569037218618	10.502573520133	6.68931456576887
ENSG00000100027	YPEL1	56.8146495927678	101.646467185016	69.1088925058229	30.1757285363523	11.6124740013191	13.8036676095477
ENSG00000100028	SNRPD3	68.8168130443719	89.9999998915457	94	293.327017472201	210.866822437823	250.02976002638
ENSG00000100029	PES1	64	79	67	265	198	248
ENSG00000100030	MAPK1	734.948427797121	945	897.297469213362	830.24929095976	501.634927052259	661.432607041877
ENSG00000100031	GGT1	9	16	13.7483404879145	96.4794431086309	53.7512690229639	61.0654264381304
ENSG00000100033	PRODH	119.931221750846	144.543437358629	150.22967421865	46.4208692190596	36.7344239547302	48.6630759518076
ENSG00000100034	PPM1F	92.1211010653772	115.746528864123	124.824522887761	238.336981690245	163.874858659424	191.592204366145
ENSG00000100036	SLC35E4	17.9180857606663	31	31.820300833693	22.0645813041295	14.1403357143627	12
ENSG00000100038	TOP3B	35.7716663308415	50.6544871690367	53.9146281078497	174.94314514289	154.573645135154	157.513737200268
ENSG00000100053	CRYBB3	0	1	1	0	0	0
ENSG00000100055	CYTH4	13	20.4992339982285	15.0375944790947	20.0634256112051	16	12.0916402700768
ENSG00000100056	DGCR14	49	57	40.9999999890142	79.2330870362326	39	68
ENSG00000100058	CRYBB2P1	27.5222034692664	29.175276893381	28.4428835624841	64.5105834992661	49.6140742539694	55.0720288196136
ENSG00000100060	MFNG	3	5	6	74	29	46
ENSG00000100065	CARD10	2	5	5	89	71	71
ENSG00000100068	LRP5L	7	4	5	39	22	25
ENSG00000100075	SLC25A1	31	48	39	219	130	211
ENSG00000100077	GRK3	207.808852366245	286.518369728981	266.327961759971	171.113578061567	132.332583196163	131.470153050301
ENSG00000100078	PLA2G3	1	5	2	13	12	7
ENSG00000100079	LGALS2	0	0	0	6	5	3
ENSG00000100083	GGA1	115.758909243123	149.15756709876	127.177651911853	298.662280799624	192.182560452742	216.012146409926
ENSG00000100084	HIRA	82	79.1126525478394	57.1693248478104	208.795450299016	128.899653949585	164
ENSG00000100092	SH3BP1	22	17	24.4549057916043	85.357909531748	57.161738127422	68.1197102547141
ENSG00000100095	SEZ6L	394	505	452	15	17	22
ENSG00000100097	LGALS1	74	91	75	688	416	587
ENSG00000100099	HPS4	112.580690626159	171.199466352824	183.354760095269	312.08199524715	198.446235397652	256.179204759691
ENSG00000100100	PIK3IP1	113.835010518508	160.812701087044	132.302147116037	51.4436324410889	33.0348886326125	34.037627410063
ENSG00000100101	RP1-37E16.12	0	0	0	0	0	0
ENSG00000100104	SRRD	48.4668081711534	54.332014583185	68.9255150957055	81.7234270035588	67.6724051816878	65.307924099829
ENSG00000100105	PATZ1	72	72	60	185	112	133
ENSG00000100106	TRIOBP	42.1842937825966	34	32.2110637218096	203.158363156243	124.95501098348	165.033061151655
ENSG00000100109	TFIP11	73.2773533286404	105.029566927879	59.6273785916365	176.769595582515	87.2543064744	123.615013308242
ENSG00000100116	GCAT	33	29.1282117474788	33	73.0612128522042	55.094259408938	45
ENSG00000100121	GGTLC2	0	0	0	0	1.24873097703611	0
ENSG00000100122	CRYBB1	2	0	1	3	3	3
ENSG00000100124	ANKRD54	34.267491602117	50	59	96.7456158144406	54.0099542855514	82.2937759289955
ENSG00000100129	EIF3L	336.273636423178	373.888788241551	348.998808661697	1221.6150948921	757.280518565978	1013.21371411532
ENSG00000100138	SNU13	166	200	178	356	211	282
ENSG00000100139	MICALL1	51.5667926516253	62.1182129834834	61.3831306282155	150.686082824228	98.8185057336137	117.458450666935
ENSG00000100142	POLR2F	46.2417240275719	62.7100423494217	48.6831604581346	94.0383923981325	67.522696201809	75.7213313320773
ENSG00000100146	SOX10	79.3653781291642	119.461498665593	105.370033189996	103.100765563012	57.7385764987343	80.1874584854808
ENSG00000100147	CCDC134	9	21	18	37	21	29
ENSG00000100150	DEPDC5	51	77.3003206764107	71	71	49	61
ENSG00000100151	PICK1	83.850681467558	78.8808961309745	80	46	31	61
ENSG00000100154	TTC28	94.9135450344001	132.429129018455	82.3765295091808	185.746927064292	112.038446333355	111.800068500407
ENSG00000100156	SLC16A8	7	13	9	11	3	6
ENSG00000100162	CENPM	0	3	1	61	34	49
ENSG00000100167	SEPT3	742	927	875	54	38.1760139419249	55
ENSG00000100170	SLC5A1	0	0	0	0	6	0
ENSG00000100181	TPTEP1	22	22.5051506039834	17.3994698296035	128.511555992409	85.1507884575423	104.714410376331
ENSG00000100191	SLC5A4	6	9	5	11	8	3
ENSG00000100196	KDELR3	6	7	7	104	90	89
ENSG00000100197	CYP2D6	14.6273935392319	27.0816868077329	21	17.610219676592	13	9.15779640491142
ENSG00000100201	DDX17	1523	1776	1615	2762	1788	2204
ENSG00000100206	DMC1	5.1788795173916	5.30545004000814	3.00754430870029	20.5971343943602	18.4250772619251	8.98434714418145
ENSG00000100207	TCF20	203	254	207	446	272	343
ENSG00000100209	HSCB	8	10.987246523218	10.4744197331697	42.731319875653	30.8477249323503	21.7158995136323
ENSG00000100211	CBY1	16	21.5079443504007	20	30.5023702763789	23	36
ENSG00000100216	TOMM22	52	63	51	173	109	154
ENSG00000100218	RSPH14	3	8	6	1	0	0
ENSG00000100219	XBP1	66	102	77	1056	627	740
ENSG00000100220	RTCB	108	146	125	332	179	242
ENSG00000100221	JOSD1	148.343433237894	159.411831899378	133.422119484404	253.024953963757	202.871698880279	210.448518715264
ENSG00000100225	FBXO7	160	178	195	417.387950748597	368.197478612351	361.772971707631
ENSG00000100226	GTPBP1	143.646920427453	184.515008184925	157.034370947061	336.186120582914	183.020918446249	241.993353837526
ENSG00000100227	POLDIP3	138	153	146	256	165	204
ENSG00000100228	RAB36	27.1196662703447	30.1331843676158	34.0771972795925	20.0678035874931	16.2583335739193	20.215426304347
ENSG00000100234	TIMP3	212	264	240	791	476	589
ENSG00000100239	PPP6R2	163	240	246	211	142	174
ENSG00000100241	SBF1	656	821	673	513	323	409
ENSG00000100242	SUN2	413.157237197618	527.641913915957	445.729869425278	374.203301535837	213.011847192708	335.674926087606
ENSG00000100243	CYB5R3	131.211944215633	169.260268881051	131.457281010051	365.795462559923	253.054550746176	304.508756463732
ENSG00000100246	DNAL4	19	42	35	44	18	28
ENSG00000100249	C22orf31	0	2	0	0	0	0
ENSG00000100253	MIOX	0	1.04572868413209	1.1597121433114	1	1	2.10360578713413
ENSG00000100258	LMF2	54	72	64	167	108	162
ENSG00000100263	RHBDD3	26.6534439932936	40.5868374861997	33.0195500840267	76.4792576839553	64.1552270132895	64.9589177473087
ENSG00000100266	PACSIN2	114	124	109	252	170.372588377531	216.411292213969
ENSG00000100271	TTLL1	19.5456274184014	34.3203032638446	26.6784612271361	14	12.8244378861295	19
ENSG00000100276	RASL10A	9	27	18	0	2	0
ENSG00000100280	AP1B1	230	269	258	345.762362726742	242.304466581204	260.58615594138
ENSG00000100281	HMGXB4	32	45	48	119	100	98
ENSG00000100284	TOM1	95	117	99	81	52	66
ENSG00000100285	NEFH	198	258	250	27	23	20
ENSG00000100288	CHKB	44.5568294424043	53	64.7691080301589	78.527325146848	59.7016422568873	75.2816994623539
ENSG00000100290	BIK	1	2	5	4	5	5
ENSG00000100292	HMOX1	14	19	12	83.9152833823886	51.834502434908	78
ENSG00000100294	MCAT	18	27	25	43	24	33
ENSG00000100296	THOC5	71.271154959738	123.725969121027	65.2749203878923	225.202103356325	137.987362282808	151.486534369442
ENSG00000100297	MCM5	27	29	37	516	275	429
ENSG00000100298	APOBEC3H	3	3	0	0	0	0
ENSG00000100299	ARSA	50	54	62	58	43	52
ENSG00000100300	TSPO	12	9	12	131	85	106
ENSG00000100302	RASD2	55	76	58	14	13	17
ENSG00000100304	TTLL12	56	94	58	277	204	230
ENSG00000100307	CBX7	258.650678471842	351.603661355864	291.575202587575	24.6643941014932	24.3982178037115	29.1426373447515
ENSG00000100311	PDGFB	34	43	32	39	28	40
ENSG00000100312	ACR	0	0	0	0	2	0
ENSG00000100314	CABP7	20.0405743794617	25.6800402325148	29.3673563929675	2.22934774330118	1.08474215888029	6.51312234942231
ENSG00000100316	RPL3	642	751	713	3910	2322	2946
ENSG00000100319	ZMAT5	20.4307370053812	24.0293009812055	11.7987069004939	45.9421318086179	33.1991149935414	23.5021157352657
ENSG00000100320	RBFOX2	609	726	697	507	355	400
ENSG00000100321	SYNGR1	739	980	846	52	46	39
ENSG00000100324	TAB1	96	85	67	76	70	86
ENSG00000100325	ASCC2	34	44	39.7069216753853	140	86.427451293112	128
ENSG00000100330	MTMR3	197.820356458076	246.834488401453	224.265039627745	185.691516592476	111.23608724384	138.149817882728
ENSG00000100335	MIEF1	93.2092572034621	122	109.168737790264	301.819247453244	159.170881637288	202.598710869521
ENSG00000100336	APOL4	12	12	14	14	10	8
ENSG00000100341	PNPLA5	3	2	2	0	3	1
ENSG00000100342	APOL1	9.40073050889976	12.3939210353731	9.15076586539022	92.7750052750841	67.863353627718	75.6577838236479
ENSG00000100344	PNPLA3	6	5	5	42	36	33
ENSG00000100345	MYH9	435	491	470	2579	1554	2037
ENSG00000100346	CACNA1I	103	134	132	2	6	0
ENSG00000100347	SAMM50	53	48.8418780563821	52	149.136894537008	128.593589762718	113.707608036936
ENSG00000100348	TXN2	27	41	38	78	44.0506004324631	38
ENSG00000100350	FOXRED2	73.8627446610819	107.340220300192	103.082857425985	217.996692639254	105.238421658279	126.582925475633
ENSG00000100351	GRAP2	1	0	1	60	44	44
ENSG00000100353	EIF3D	109.046733315555	123.09988796481	133.114535928271	729	480	627
ENSG00000100354	TNRC6B	580	672.202664557401	587	511.262265598008	314	402.058906197492
ENSG00000100359	SGSM3	125	161	129	177	111	156
ENSG00000100360	IFT27	55	58	54	76	52	60
ENSG00000100362	PVALB	98	129	101	24	17	15
ENSG00000100364	KIAA0930	302.615510304801	359.028209195901	303.737591951901	252.133423481623	160.550526336783	184.049755358835
ENSG00000100365	NCF4	3	7	1	22	17	15
ENSG00000100368	CSF2RB	2	4	4	48	39	38
ENSG00000100372	SLC25A17	38.9260876881639	38	39	118	91	110
ENSG00000100373	UPK3A	0	0	0	2	1	0
ENSG00000100376	FAM118A	55.2906356338602	51.4672027667343	52	107.726809629506	66.069451404054	96.172884323268
ENSG00000100379	KCTD17	44	70	70	31	17	14
ENSG00000100380	ST13	389.292591525286	476.229548980037	459.493743770843	882.187359461156	631.567662701389	759
ENSG00000100385	IL2RB	1	0	0	4	6	4
ENSG00000100387	RBX1	48	68	60	126	75	86
ENSG00000100393	EP300	312	406.688668054891	407.631427556851	569	336.488529679412	404
ENSG00000100395	L3MBTL2	108.190941984033	128.638588474652	98.1967491458685	149.89798128735	108.33085910417	102.367318629166
ENSG00000100399	CHADL	35	40	40	2.03334578442812	3	1
ENSG00000100401	RANGAP1	251.152450302031	309	257	444.040021993736	280.03102430857	380
ENSG00000100403	ZC3H7B	414.684632060464	520.259034044838	473	440.213131729176	280	369.58734013114
ENSG00000100410	PHF5A	33	36	16	135	77	88
ENSG00000100412	ACO2	442.513838339326	531.935629698568	484.806835193522	345.92423058221	241.46243148675	276.59756008455
ENSG00000100413	POLR3H	121.486161660674	116.064370301432	118.193164806478	165.07576941779	90.608355296977	115.40243991545
ENSG00000100416	TRMU	61	76	73	182	108	136
ENSG00000100417	PMM1	38.8405776148353	46.6318931764102	60.8173931660731	63	34	29
ENSG00000100418	DESI1	131.556120061329	188.758799353031	160.310775954322	181.913362900897	136.704532698185	132.706570455288
ENSG00000100422	CERK	206.53729854053	247.453390113242	264.353527120801	293.726383081005	185.088313751562	239.38065420252
ENSG00000100425	BRD1	91	107	97	178	117	152
ENSG00000100426	ZBED4	51	66	74	190	151	152
ENSG00000100427	MLC1	293	315	303	13	12	12
ENSG00000100429	HDAC10	20.9984231921826	30.7432765665814	31.8032790761551	68.3880539522642	47.6139802889859	58.990100069063
ENSG00000128159	TUBGCP6	244.836703200271	278.158271965725	233.595974726347	274.157299691604	165.993783186957	197.997921856628
ENSG00000128165	ADM2	0	2	2.05500516902752	28.5847718804996	24.5589047910474	28
ENSG00000128185	DGCR6L	52.9906514813819	46.0368083218797	39.026795120171	100.217044228426	51.6286978165898	89.3730931647991
ENSG00000128191	DGCR8	86	107	74	271	178	227
ENSG00000128203	ASPHD2	57.4193093738413	71.8354701703811	101	23	15	27
ENSG00000128218	VPREB3	0	0	0	0	0	3
ENSG00000128228	SDF2L1	5	14	2	51	33	43
ENSG00000128242	GAL3ST1	18	18	19	5	6	3
ENSG00000128245	YWHAH	1018	1351	1131	335	217	284
ENSG00000128250	RFPL1	0	4.75358929910813	2.73727996268447	0	0	0
ENSG00000128253	RFPL2	8	3	11	1	1	0
ENSG00000128254	C22orf24	0	4	4	4	1	1
ENSG00000128262	POM121L9P	1.06190849618512	5.53948054009245	2.70328034757687	0.5	2.07075288571602	1.33398881318356
ENSG00000128266	GNAZ	230	255	217	34	18	26
ENSG00000128268	MGAT3	254	319	268	31	15	24
ENSG00000128271	ADORA2A	11.7967549906502	20.6432507856229	8.73156949554481	29	5.72332172322626	0
ENSG00000128272	ATF4	288	349	303	1316	798	1034
ENSG00000128274	A4GALT	8	5	2	34	22	22
ENSG00000128276	RFPL3	0	0	0	0	0	0
ENSG00000128283	CDC42EP1	65	98	62	138	76	119
ENSG00000128284	APOL3	9	5	13	36	34	19
ENSG00000128285	MCHR1	12	21	17	2	3	2
ENSG00000128294	TPST2	39.2695637908378	40.4745753446175	43.2350880479758	88.0550823029706	55.787039216183	86.8953664053801
ENSG00000128298	BAIAP2L2	4	16	8	17	7	7
ENSG00000128309	MPST	36.7217371501404	36.0678977980864	35.9678884548307	135.623379361533	83.1471377617735	120.798483763238
ENSG00000128310	GALR3	0	0	2	1	1	0
ENSG00000128311	TST	18	20	18	85	57	48
ENSG00000128313	APOL5	0	0	1	0	0	0
ENSG00000128322	IGLL1	0	0	0	0	0	2
ENSG00000128335	APOL2	108.34939486802	150.01653026872	130.847391849201	141.306150586729	108.705639393855	107.239494090339
ENSG00000128340	RAC2	8	7	5	110	77	91
ENSG00000128342	LIF	2	3	3	153	94	105
ENSG00000128346	C22orf23	6.60894892848845	3.85755310586832	4.72222681771855	16.3605951073064	10.4271210252025	8.58641751563125
ENSG00000128383	APOBEC3A	1.3794164008256	0	0	1.26668273292948	2.26254238824245	2.93787034224431
ENSG00000128394	APOBEC3F	1	1.73707697738684	0	8.7706910926504	9.83988346606842	12.1847624323412
ENSG00000128408	RIBC2	0	4	1	12	10	4
ENSG00000130487	KLHDC7B	0	0	1	3	8	1
ENSG00000130489	SCO2	9.62269435784758	33.6635193096782	18.2671002776963	42.4505296168884	25.8044394372855	41.3965742091894
ENSG00000130538	OR11H1	0	0	0	0	0	0
ENSG00000130540	SULT4A1	286	329	284	5	7	3
ENSG00000130638	ATXN10	204.838907903398	260.85991397368	250.92950017047	205.66604603334	159.713746040112	175.780085050991
ENSG00000130943	PKDREJ	6	6	7	8	12	8
ENSG00000131100	ATP6V1E1	394	454.040465168388	399.15791353717	245.751849468554	179	203.07468294191
ENSG00000133422	MORC2	82.8437575564281	92.7386998339462	60.3729977961332	158.745159361595	108.501488112085	161
ENSG00000133424	LARGE1	173.413201706814	208.566053431591	195.876949750821	84.2134577222356	58.5600264607067	80
ENSG00000133433	GSTT2B	8	7.99992923356478	7	16	8	10
ENSG00000133454	MYO18B	0	0	0	81	85	69
ENSG00000133460	SLC2A11	64.5104445345729	81.2193161867819	53.0721385575853	35.5694942657353	58.2254933023608	44.6913549021909
ENSG00000133466	C1QTNF6	13.4027999093397	7.15812194361795	12	96.0347085751037	71.6584845918245	74
ENSG00000133475	GGT2	0	0	0	0	0	0
ENSG00000133477	FAM83F	3.00791487747408	10.6123000518706	12	37.8575215900519	31.7117566241897	25.2598556862738
ENSG00000133488	SEC14L4	0	2	2.03157062458773	3.09813680314917	3.06193306104889	6.58411917528216
ENSG00000133519	ZDHHC8P1	26.8566249204134	21.2828286771221	16.0545190249957	4.218680127971	2	4
ENSG00000138867	GUCD1	62	62.0000001084543	61	373.148950419682	205.393819867181	277.243959388152
ENSG00000138892	TTLL8	0	0	0	0	0	1
ENSG00000138942	RNF185	62.9208434538016	110	81	118	92.7780817727382	102.405253596093
ENSG00000138944	KIAA1644	152	208	179	165.863892374112	113	133
ENSG00000138964	PARVG	16	14	11.5690552195336	28.681602465007	26.6153358110038	16.4065344629491
ENSG00000159307	SCUBE1	1.01648823779813	7.17914429873292	4.21341619764797	12.040659405773	14.3951971186521	8.68963591835488
ENSG00000159496	RGL4	15.6900513973046	29.9214705673916	23.9869296545081	15.0585607882999	16.3457003965715	9.18482379158786
ENSG00000159873	CCDC117	69	74	56.153704702664	251.853603918429	173.405776660776	173.639924809844
ENSG00000159958	TNFRSF13C	5.14379414214934	3.00674675338317	6	13.6489247124257	13.847492986874	14.2383667387214
ENSG00000161103	AC008132.13	0	4.43292593408824	4.05191600083178	6.3124220115309	13.2854801753066	2.85362948390942
ENSG00000161132	XXbac-B444P24.10	0	0	0	0	2	0
ENSG00000161133	USP41	0	0	0	2.95945674658357	4.88113182603056	0
ENSG00000161149	TUBA3FP	5.93467879625529	5.38827917096333	8.61154194643166	8.32671546361543	11.2313967563777	10.2841918335389
ENSG00000161179	YDJC	18	28	23	148	80	119
ENSG00000161180	CCDC116	2	0	1	5	3	2
ENSG00000166862	CACNG2	33	34	47	0	0	0
ENSG00000166897	ELFN2	113	145	120	19	14.994592612508	23.093398935396
ENSG00000167037	SGSM1	144.225733060733	184.677820996079	154.11883082077	7.91033564666696	17.7839678482878	12.4287031179353
ENSG00000167065	DUSP18	10.8416839919963	19.8184200745692	15.179699166307	17.9354186958705	19.0713601696147	10.028441187657
ENSG00000167074	TEF	327	377	337	42	34	26
ENSG00000167077	MEI1	1	6	2	7	7	2
ENSG00000168135	KCNJ4	64	81	57	2	1	3
ENSG00000169184	MN1	44	34	31	118	86	123
ENSG00000169314	C22orf15	2	7	7	4	2	5
ENSG00000169548	ZNF280A	0	0	0	10	10	14
ENSG00000169575	VPREB1	0	0	0	1	0	1
ENSG00000169635	HIC2	26	24	28	201	106	137
ENSG00000169662	BCRP6	0	0	0	0	0	0
ENSG00000169668	BCRP2	3.09948192819042	3.80353988967815	1.61851318154166	2.35032175191719	5.20367121743739	4.1093050700216
ENSG00000170638	TRABD	38.4325352624159	49	37.9826849166487	114.57856486986	83	95.8470703066066
ENSG00000172250	SERHL	3.56372232701209	5.75837988305928	5.16902273896093	1.40028146873107	0.760094049244416	0
ENSG00000172346	CSDC2	73.1594223851647	92.3681068235898	62.1826068339269	6	5	0
ENSG00000172404	DNAJB7	3	5.4917034711723	0	2.21742556004077	1.19966970981641	0
ENSG00000172912	COX6B1P3	0	0	0	1	0	0
ENSG00000172967	XKR3	0	0	0	3	4	8
ENSG00000175329	ISX	0	0	0	5	4	1
ENSG00000176177	ENTHD1	0	0	0	2	2	3
ENSG00000176635	HORMAD2	0	0	0	1	4	0
ENSG00000177096	FAM109B	8	3	4	6	4	6
ENSG00000177663	IL17RA	58	68.0815722880662	59	95.308011733532	73.7430789886472	86.2944510198539
ENSG00000177989	ODF3B	9	8.99999998286963	6	9.26569456549426	12	8.34314415158396
ENSG00000177993	ZNRF3-AS1	11.0336234607943	4.23598364486824	4.10160520890899	18.7829873508089	11.3269623120091	5.003695083927
ENSG00000178026	LRRC75B	19	29	25	21	24	23
ENSG00000178248	AP000345.1	0	0	1	0	1	0
ENSG00000178803	ADORA2A-AS1	2.01124795692036	4	6.01428141696369	6.02915331499642	9.43403484040206	3.02759810004685
ENSG00000179750	APOBEC3B	1	0	0	36.0052626501036	35.4766593849543	30.1635295371659
ENSG00000180150	HMGN2P9	0	0	0	0	0	0
ENSG00000180957	PITPNB	79	91	63	109	84	86
ENSG00000181123	RP4-539M6.14	0	0	1	1	2	0
ENSG00000182057	OGFRP1	0	3	1	11	5	6
ENSG00000182257	PRR34	9.02874702636091	13	15.3277260025977	8.45780437374523	4.96970198875726	4.5109020294358
ENSG00000182351	CRIP1P4	0	0	0	0	1	0
ENSG00000182541	LIMK2	91	114	101	106	65	91
ENSG00000182824	AC008132.15	1	0	0	2	4	0
ENSG00000182841	RRP7BP	54.0151600917399	65.4867019510545	50.1951942606437	88.5119504438924	75.6205611596669	72.8534790456629
ENSG00000182858	ALG12	32.292443956517	49.8545251305246	61.226300340603	86.1231941813082	42.8658489730289	48.807952466196
ENSG00000182902	SLC25A18	102.285988278515	121.596640964193	79.1736187483607	5	8.25715542195512	7.22018709806143
ENSG00000182944	EWSR1	337	349	350	894	646	814
ENSG00000183066	WBP2NL	15.0165059526117	15	8	8.27832448966946	13.4599986157587	5.41627077988166
ENSG00000183169	POM121L1P	8.89936084843079	5.46051945990755	0	1	2	0
ENSG00000183172	SMDT1	25	40	34	26	14	25
ENSG00000183246	RIMBP3C	2	0	0	10.596351944719	3.94841771292991	0
ENSG00000183307	CECR6	25	45	31	8	5	4
ENSG00000183506	PI4KAP2	59.1517188553998	75.9877065895701	64.5988913787143	191.281126100431	127.602037201163	139.89346072451
ENSG00000183530	PRR14L	217	266	231	410	285	327
ENSG00000183569	SERHL2	13.0502720738194	14.9971366080298	23.1665526254179	24.635690797293	18.2801459842454	20.6082142770931
ENSG00000183579	ZNRF3	96.4172085815902	101.26987344988	101.932707034569	93.3082617558047	87	81.0817314609429
ENSG00000183597	TANGO2	60.0189457121654	75.9255263331306	70.4434307383736	109.145606110391	67.7847455579186	60.2770324100274
ENSG00000183628	DGCR6	77.1395740754126	110.824298405341	84.7435306611789	26.3620865525143	17.63687822868	27.9638308833933
ENSG00000183741	CBX6	725	860	818	350	233	293
ENSG00000183762	KREMEN1	53.9309436664626	62.7708184951849	36.849802732961	78.0471358558588	63.7350847458	79.4257525108427
ENSG00000183765	CHEK2	1	6	4.55278795704062	97.1412632590175	81.9614841375025	96.4935307031263
ENSG00000183773	AIFM3	87	82	105	5.22572452129222	10	9
ENSG00000183785	TUBA8	79.1499639914463	89.1104635778012	100.96694057876	5.63460753042089	4.03225418803359	2.0535987504539
ENSG00000183822	CTA-833B7.2	0	0	0	1	4	1
ENSG00000183864	TOB2	198	273	194	165	112	139
ENSG00000183963	SMTN	39.4937124946954	51.0559583155264	44.1324795078056	140.308799895826	91.4676927832577	142.985495906413
ENSG00000184058	TBX1	1	0	2.73667537883809	11.8357523615027	9	6.21416465099426
ENSG00000184068	RP5-821D11.7	13.2518687683844	15.5722535046081	9.26871047500327	34.8592839490007	15.421468341791	20.0899974566797
ENSG00000184076	UQCR10	80	94	100	184	94	133
ENSG00000184113	CLDN5	56	83	55	2	2	0
ENSG00000184117	NIPSNAP1	109	128	127	306	196	238
ENSG00000184164	CRELD2	29	39.4644040677445	43.0825474285541	71.3585490376491	63	53
ENSG00000184208	C22orf46	33	34	32	55	45	49.2565218939908
ENSG00000184319	RPL23AP82	47.8815892732298	62	64	36	25	41
ENSG00000184381	PLA2G6	72	66.9198640325592	78.9526214275951	95.8205530982	56.3257504586287	65.6784149143311
ENSG00000184436	THAP7	35	57	41	93	72	85
ENSG00000184459	BPIFC	0	0	0	0	2	0
ENSG00000184470	TXNRD2	55.655005595177	59.4772448297307	43	87.2607642659113	72.9068631109717	73.3703288675049
ENSG00000184571	PIWIL3	0	0	0	2	3	1.06098374261513
ENSG00000184624	ZNF72P	0	0	0	0	1	0
ENSG00000184702	SEPT5	581	751.099138651459	656.999049880307	165.565169690338	113	120.948056212962
ENSG00000184708	EIF4ENIF1	107.465038061143	120.363158641036	110.978958643605	95.2602449522856	85.3600185459669	84.8395159945568
ENSG00000184792	OSBP2	113	136	93	111	54.5229693235649	79
ENSG00000184949	FAM227A	21.5414814221858	17.8028066951658	24.8924661715434	53.0208113202825	56.8799897123314	33.3821529694506
ENSG00000184979	USP18	5	8	4	32.0405432534164	19.1188681739694	20
ENSG00000184983	NDUFA6	65	99	79	162	105	124
ENSG00000185022	MAFF	33.7238648526087	34.0492792767578	20.3329325624166	91.5876997209405	67.4154266343761	61.6060565533696
ENSG00000185065	AC000068.5	5.20108671210123	5	1.03509928825769	8	8	5.16686623013732
ENSG00000185133	INPP5J	57	77	56	7	8	12
ENSG00000185252	ZNF74	40.819908724411	42.0244666980267	46.1808039720613	107.012421493415	80	96.8113845182683
ENSG00000185264	TEX33	0	0	0	0	0	0
ENSG00000185339	TCN2	19	25	24	56	45	41
ENSG00000185340	GAS2L1	70	73	63	29	22	33
ENSG00000185386	MAPK11	62	95	79	24	19	26
ENSG00000185608	MRPL40	29	36.9420814686895	30	110.371494109607	68.3072248385441	93.5439638057646
ENSG00000185651	UBE2L3	206	236	195	461	299	342
ENSG00000185666	SYN3	70	106	76	12	12	8
ENSG00000185686	PRAME	0	0	0	797	459	587
ENSG00000185721	DRG1	81	107	93	186	139	148
ENSG00000185837	CECR5-AS1	0	2	2	2	2	0
ENSG00000185838	GNB1L	15.5740454832026	20.5674554546844	8.27242664546158	45.1161116888467	41.279397016269	37.83089816633
ENSG00000186575	NF2	201.991920636964	266.438570819636	232.822944939927	434.888196711579	309.421966310673	338.361919183953
ENSG00000186654	PRR5	12.2517049999808	11.8307410488068	7	30.416435148432	28	21.4288035258908
ENSG00000186716	BCR	245.683305494822	380.607890206624	309.793893324843	329.290394299082	209.03431428747	267.049592548226
ENSG00000186732	MPPED1	115	150	136	1	3	3
ENSG00000186951	PPARA	80.0263353567293	107.818814175156	91.2880132822816	203.373863133716	155.01391244201	146.232829399934
ENSG00000186976	EFCAB6	34	44	34	10	6	4
ENSG00000186998	EMID1	11	19	28	10	6	7
ENSG00000187012	LINC00207	0	0	0	0	2	0
ENSG00000187045	TMPRSS6	0	3	0	4	4	3
ENSG00000187051	RPS19BP1	70	90.2605840939158	75	129	92.038877193997	92.0565351557544
ENSG00000187792	ZNF70	28.4509843711347	59.3662333426292	34.8027009024481	88.7671458947504	65.9505512161292	50.6521663449157
ENSG00000187860	CCDC157	5.6889234364129	22.8283983501717	16.2271272510397	21.7131364516816	15.1873254342843	10.7194463577281
ENSG00000187905	LRRC74B	4.23061567212337	9.03997697681222	6.01933914717316	10.1425016204416	7.25407165532859	5.22382278322958
ENSG00000187979	AC008079.9	0	0	0	0	0	0
ENSG00000188064	WNT7B	8	14.4137502679508	9.64053605998987	11.884581809748	17.1435250688501	19.5844551955304
ENSG00000188078	RP5-1119A7.11	0	0	0	0	0	1
ENSG00000188130	MAPK12	65.0405419358621	60.5365124530327	63.3941087881788	116.478969925955	81.5821285390178	119.167936477423
ENSG00000188263	IL17REL	0	1	2	0	4	1
ENSG00000188280	AC007731.1	0	0	0	0	1.49690112168514	0.00081364461075392
ENSG00000188511	C22orf34	1	6	3	35.637773212826	24.7464466661085	25.3611273349713
ENSG00000188636	LDOC1L	172	260	173	231	148	175
ENSG00000188677	PARVB	76.8372733950815	94.5718061122311	75.6790169701093	185.214413071476	159.188788056312	158.394517702445
ENSG00000189060	H1F0	106	144	111	248	160	186
ENSG00000189269	DRICH1	0	1	1	0	3	2.48228061246584
ENSG00000189295	ANKRD62P1-PARP4P3	0	0	0	4.75305153938799	3	1.050846001809
ENSG00000189306	RRP7A	72.4331022698274	113.434162221778	108.800773463417	198.670770881505	114.309039149304	151.208610333386
ENSG00000196236	XPNPEP3	38.1645726753757	50.9734272919762	44.1478651417584	168.11186051481	124.300870422127	135.202430234971
ENSG00000196419	XRCC6	364	413	375	1420	958	1114
ENSG00000196431	CRYBA4	1	0	0	0	1	1
ENSG00000196576	PLXNB2	232	291	242	451	272	357
ENSG00000196588	MKL1	135	128	97	130	76	90
ENSG00000197077	KIAA1671	131	160.721006869674	137.155022635535	166.651223419355	97.6903200257398	145.949559717302
ENSG00000197182	MIRLET7BHG	78.1973792379063	125	82.3812033231117	62	47.113256734711	44.651987760106
ENSG00000197210	KB-1592A4.15	2.59235578420467	3.19859480517069	0	4.97109917488348	2.21959250839959	0
ENSG00000197421	GGT3P	0	0	1.08565370806428	0	1	1.02084162349264
ENSG00000197549	PRAMENP	0	0	0	0	1	0
ENSG00000198062	POTEH	0	0	2.5912961523849	8.49700317014002	8	12
ENSG00000198089	SFI1	113.248914420263	122.253559387992	109.988689418731	139.367276222836	109.401753005445	127.487639233428
ENSG00000198125	MB	0	1	0	9	8	8
ENSG00000198355	PIM3	46	57	55	152	102	113
ENSG00000198445	CCT8L2	0	0	0	1	2	0
ENSG00000198792	TMEM184B	203	236	214	185	140	167
ENSG00000198832	SELM	81.9190436051685	82.6368413589641	78.4885597182235	28.086158029475	22.5071724749434	17.1800408951403
ENSG00000198911	SREBF2	490.788457184933	661.688416637579	560.836648842661	599	368.676555227059	517.674161541923
ENSG00000198951	NAGA	26	41	51	143	104	131
ENSG00000199248	RNU6-28P	0	0	0	0	1	1
ENSG00000199515	Y_RNA	0	0	0	0	0	0
ENSG00000199695	RNU6-1128P	0	0	0	0	1	0
ENSG00000199783	SNORD56	0	0	0	0	0	0
ENSG00000199797	Y_RNA	0	0	0	0	0	0
ENSG00000199865	RNU6-495P	0	1	0	0	0	0
ENSG00000200057	RN7SKP63	0	0	0	0	0	0
ENSG00000200332	Y_RNA	0	0	0	0	0	0
ENSG00000200443	RNU6-1066P	0	0	0	0	0	0
ENSG00000200448	Y_RNA	0	0	0	0	0	0
ENSG00000200683	RNU6-379P	0	0	0	0	0	1
ENSG00000200871	RNU6-810P	1	0	0	0	0	0
ENSG00000200976	Y_RNA	0	0	0	0	0	0
ENSG00000200985	RNA5SP493	0	0	0	1	3	1
ENSG00000201078	RN7SKP214	0	0	0	0	0	0
ENSG00000201209	SNORD42	0	0	0	0	0	0
ENSG00000201916	Y_RNA	0	0	0	0	0	0
ENSG00000202019	Y_RNA	0	0	0	0	1	0
ENSG00000202058	RN7SKP80	282	312	227	243	402	370
ENSG00000203280	CTA-221G9.12	5.28144067377973	3.58396209885647	3	6	3.16649484983754	1
ENSG00000203416	FAM32BP	0	1	0	0	0	0
ENSG00000203527	Z99756.1	3	0	1.02256435877137	1	3	1.28978917838636
ENSG00000203618	GP1BB	0	2.90086134854147	0.000950119693440092	1.43483030966243	0	24.0519437870379
ENSG00000205559	CHKB-AS1	5	1	3	1	1	1
ENSG00000205560	CPT1B	31.7533331159785	45	45.7733674430089	86.2658151779747	54.1977970027047	69.2294631312501
ENSG00000205593	DENND6B	70.0600309987231	113.78211492099	77	40.9028158685022	21.8851669796855	23.7415293925269
ENSG00000205632	LINC01310	8	9	6	0	9	1
ENSG00000205634	LINC00898	7	6	1	5	3	1
ENSG00000205643	CDPF1	15	12	9	25	10	19
ENSG00000205702	CYP2D7	6.37260646076812	11.7788683516868	5	2	4	10.7232319030495
ENSG00000205704	LINC00634	24	14	20	0	1	0
ENSG00000205853	RFPL3S	2	3.01817176833187	2	0	1	3
ENSG00000205856	C22orf42	0	2	0	0	2	2
ENSG00000206028	CTA-373H7.7	8.75907298149606	31.3305041870471	6.62017885757719	4.19125288588267	0	7.17281347247881
ENSG00000206066	IGLL3P	0	0	0	0	0	0
ENSG00000206069	TMEM211	0	0	1	0	1	0
ENSG00000206090	AP000350.7	0	0	0	0	0	0
ENSG00000206140	TMEM191C	7.78239378914952	8.4790302783485	10.3984619837884	8.4488360144837	13.8514382864947	10.5669399373862
ENSG00000206142	KB-1183D5.13	2	0	0	0	3	0.383033801923664
ENSG00000206145	P2RX6P	3	2	2	0	1	2
ENSG00000206195	DUXAP8	12.1158077032251	6	9.99999997433346	247.50244987768	192.686653822352	208.871454995992
ENSG00000206203	TSSK2	0	0	1.09857755610361e-08	0.76691296376739	0	0
ENSG00000206615	RNU6-338P	0	0	0	0	0	0
ENSG00000206739	Y_RNA	1	0	0	1	1	2
ENSG00000206813	Y_RNA	0	0	0	0	0	0
ENSG00000206841	RNU6-409P	0	0	0	0	0	0
ENSG00000207227	RNU6-900P	0	0	0	0	0	0
ENSG00000207343	RNU6-225P	0	0	0	0	0	0
ENSG00000207455	RNU6-331P	0	0	0	0	0	0
ENSG00000207457	RNU6-476P	0	0	0	2	1	0
ENSG00000207575	MIR649	0	0	0	0	0	1
ENSG00000207696	MIR659	0	0	0	1	0	0
ENSG00000207751	MIR130B	2	0	0	8.30319915071937	2.14144719347742	10.4673128850044
ENSG00000207780	MIR648	0	0	3	0	0	0
ENSG00000207932	MIR33A	0	1	1	0	0	0
ENSG00000208023	MIR185	0	0	0	0	0	0
ENSG00000209480	SNORD83B	0	0	0	0	0	0
ENSG00000209482	SNORD83A	2	0	0	4	4	2
ENSG00000211637	IGLV4-69	0	0	0	0	0	0
ENSG00000211638	IGLV8-61	0	0	0	0	0	0
ENSG00000211639	IGLV4-60	0	0	0	0	0	0
ENSG00000211640	IGLV6-57	0	0	0	1	0	0
ENSG00000211641	IGLV11-55	0	0	0	0	0	0
ENSG00000211642	IGLV10-54	0	0	0	0	0	0
ENSG00000211643	IGLV5-52	0	2.90816967756488	2.07354257055514	0	0.762952016889912	1.38434751416487
ENSG00000211644	IGLV1-51	2	3.50830399222754	1	0	1.35572468026802	0
ENSG00000211645	IGLV1-50	1	3	0	0	0	0
ENSG00000211647	IGLV5-48	0	0	0	0	0	0
ENSG00000211648	IGLV1-47	0	0	0	0	0	0
ENSG00000211649	IGLV7-46	0	0	0	0	0	0
ENSG00000211650	IGLV5-45	0	0	0	0	0	0
ENSG00000211651	IGLV1-44	0	0	0	0	0	0
ENSG00000211652	IGLV7-43	0	0	0	0	0	0
ENSG00000211653	IGLV1-40	0	0	0	0	0	0
ENSG00000211654	IGLV5-37	0	0	0	0	0	0
ENSG00000211655	IGLV1-36	0	0	0	0	1	0
ENSG00000211656	IGLV2-33	0	0	0	0	0	0
ENSG00000211657	IGLV3-32	0	0	0	0	0	0
ENSG00000211658	IGLV3-27	0	0	0	2	0	0
ENSG00000211659	IGLV3-25	0	0	0	0	2	0
ENSG00000211660	IGLV2-23	0	0	0	0	0	0
ENSG00000211661	IGLV3-22	0	0	0	0	0	0
ENSG00000211662	IGLV3-21	0	0	0	0	0	0
ENSG00000211663	IGLV3-19	0	0	0	0	1	0
ENSG00000211664	IGLV2-18	0	0	0	0	0	0
ENSG00000211665	IGLV3-16	0	0	0	0	0	0
ENSG00000211666	IGLV2-14	0	0	0	12	6	9
ENSG00000211667	IGLV3-12	0	0	0	0	0	0
ENSG00000211668	IGLV2-11	0	0	0	0	0	0
ENSG00000211669	IGLV3-10	0	0	0	0	0	0
ENSG00000211670	IGLV3-9	0	0	0	0	1	0
ENSG00000211672	IGLV4-3	0	0	0	0	0	0
ENSG00000211673	IGLV3-1	0	0	0	0	0	0
ENSG00000211674	IGLJ1	0	0	0	0	0	0
ENSG00000211675	IGLC1	1	0	0	0	0	0
ENSG00000211676	IGLJ2	0	0	0	0	0	0
ENSG00000211677	IGLC2	1	0	0	2477.68306922435	1634.87081339713	1959.87387387387
ENSG00000211678	IGLJ3	0	0	0	0	0	0
ENSG00000211679	IGLC3	0	0	0	373.316930775646	222.129186602871	336.126126126126
ENSG00000211680	IGLJ4	0	0	0	0	0	0
ENSG00000211681	IGLJ5	0	0	0	0	0	0
ENSG00000211682	IGLJ6	0	0	0	0	0	0
ENSG00000211683	KB-1572G7.3	1	3	1.08215484592174	3	2	2.07336904187843
ENSG00000211684	IGLJ7	0	0	0	0	0	0
ENSG00000211685	IGLC7	0	0	0	7	4	4
ENSG00000212102	MIR301B	0	0	0	0	0	0
ENSG00000212216	RNU6-816P	0	0	0	0	0	0
ENSG00000212542	RNA5SP496	0	0	0	0	0	0
ENSG00000212569	Y_RNA	0	0	0	0	0	0
ENSG00000212939	RP1-29C18.10	1.04784284141597	0	2.00785506577438	13.1123383251194	20.2293660222552	19.108003087231
ENSG00000213279	RP1-29C18.9	0	4.05763428979041	1	10	3.12655988286346	7
ENSG00000213683	AC002056.3	0	0	0	0	0	0
ENSG00000213707	HMGB1P10	2	3	2	9	10	6
ENSG00000213727	LA16c-60G3.7	0	0	0	0	0	0
ENSG00000213752	CTA-268H5.9	0	0	0	0	0	0
ENSG00000213790	OLA1P1	1	0	3	2	0	0
ENSG00000213857	RP11-12M9.4	0	0	0	0	0	0
ENSG00000213888	LINC01521	13	16	16.1716627330148	11.671494771873	9	7
ENSG00000213923	CSNK1E	216.289086663801	220.909815218291	217.952365417496	563.761153413673	328.893381003846	424.707121323294
ENSG00000214076	CPSF1P1	42	45.4385467482224	44.2038471118112	7	12	10
ENSG00000214093	RP11-247I13.3	0	1	1	3	1	3
ENSG00000214125	RP3-412A9.15	0	0	0	0	0	0
ENSG00000214161	SDC4P	0	0	0	0	0	0
ENSG00000214491	SEC14L6	3.01629080145922	17.438120490658	3.01234026964973	4.39921973768307	12.1691494888855	7.04945400199585
ENSG00000214526	AP000343.1	0	2	0	0	0	0
ENSG00000214727	RPL5P35	0	0	0	0	1	0
ENSG00000215012	C22orf29	87.8706646416889	128.432544545316	100.787869360301	214.176984372102	154.000009390799	167.003177179441
ENSG00000215193	PEX26	152.595563645432	187.332918319777	150.032221943969	231.278800585608	162.254016513225	210.27621344965
ENSG00000215268	LA16c-60G3.8	0	0	0	0	1	0
ENSG00000215270	LA16c-60H5.7	0	0	0	10	6	6
ENSG00000215333	KRT18P23	0	0	0	0	2	0
ENSG00000215347	SLC25A5P1	3	0	2	2	2.29827867587087	3.62368273370371
ENSG00000215403	LL22NC01-81G9.3	0	0	0	0	0	0
ENSG00000215456	BCRP4	0	0	0	0	0	0
ENSG00000215464	AP000354.2	0	0	0	0	1	0
ENSG00000215478	CES5AP1	1	2	1	0	1	0
ENSG00000215481	BCRP3	1.71231349725192	1.04276709708853	2	5.5	3.13771442161839	5.20850017430309
ENSG00000215493	XXbac-B562F10.11	4	8	12	10	5	3
ENSG00000215498	FAM230B	0	1	2	2	4.50309887831486	1.61615255346558
ENSG00000215544	BCRP7	0	0	0.638116611182876	0	0	0
ENSG00000215568	GAB4	0	0	0	0	0	0
ENSG00000215771	LRRC37A14P	0	1	0	0	0	1
ENSG00000217261	POM121L4P	0	0	0	0	0	0
ENSG00000217442	SYCE3	0	0	1	0	0	0
ENSG00000218357	LL22NC03-75H12.2	0	0	0	0	1	0
ENSG00000218537	MIF-AS1	9.24763159502485	1.20420448273762	5.68477443190166	9.63005064562372	12.3157610727222	13.033050077017
ENSG00000219438	FAM19A5	133	161	147	18	16	14
ENSG00000220248	ZNF402P	0	0	0	1	1	0
ENSG00000220702	RP1-32I10.10	0	0	0	0	0	0
ENSG00000220891	LL22NC03-63E9.3	2	4	3.10952381779338	5	3.52316765078318	1
ENSG00000221039	MIR1286	0	3	0	0	0	0
ENSG00000221598	MIR1249	0	0	2	0	1	0
ENSG00000221760	MIR548J	0	0	0	2	0	0
ENSG00000221890	NPTXR	387.138176253289	440.759864966923	388.049357544646	71.0516441828666	60.734348325628	49.9833749151296
ENSG00000221963	APOL6	63.718913278191	55.982859116503	56.2111211399772	332.75699596351	198.752450957716	249.644370996362
ENSG00000222037	IGLC6	0	0	0	0	0	0
ENSG00000222044	RP5-1039K5.16	6	3	7	4	7	0
ENSG00000222352	RN7SKP221	0	0	0	0	0	0
ENSG00000222585	RNA5SP494	0	0	0	0	0	0
ENSG00000222630	RN7SKP131	0	0	0	0	0	0
ENSG00000222698	Y_RNA	0	0	0	0	0	0
ENSG00000222915	RNU6-564P	1	1	0	0	0	0
ENSG00000223056	RN7SKP169	0	0	0	0	0	0
ENSG00000223142	RN7SKP252	0	0	0	0	0	0
ENSG00000223350	IGLV9-49	0	0	0	0	1	0
ENSG00000223461	AC004471.9	5	3	3	3	3	5
ENSG00000223553	SMPD4P1	2.01769937204627	4.04003833373923	1.01158747417324	1.00895252316793	3	1.00408939089079
ENSG00000223679	AP000362.1	0	0	0	0	0	0
ENSG00000223695	RP4-633O19__A.1	1	1	1	2	0	0
ENSG00000223704	LINC01422	3	6	7	5	11	8
ENSG00000223726	CTA-929C8.7	0	0	0	0	0	0
ENSG00000223730	RP1-127B20.4	1	1	0	1	1	0
ENSG00000223831	RP1-56J10.8	0	0	0	0	0	0
ENSG00000223843	EFCAB6-AS1	2	3	1.00632259129651	0	2.02159286314504	0
ENSG00000223875	NBEAP3	0	0	0	5	5	3
ENSG00000223999	LL22NC03-102D1.18	0	0	0	0	0	0
ENSG00000224003	YES1P1	3	5	4	9	4	4
ENSG00000224027	RP1-231P7P.1	0	0	0	0	1	0
ENSG00000224050	RP1-90G24.6	1	1	3	0	0	0
ENSG00000224086	LL22NC03-86G7.1	51.4604684402492	79.3539310615011	43.2596751984875	117.556192780672	130.55325450833	116.121088213381
ENSG00000224124	POM121L10P	0	0	0	0.5	0	0
ENSG00000224144	ASH2LP1	0	0	0	0	0	0
ENSG00000224192	RP11-259P1.1	2	4	2	0	0	0
ENSG00000224205	AP000351.4	0	1	0	0	0	0
ENSG00000224256	CTA-292E10.7	0	0	0	0	0	0
ENSG00000224271	RP11-191L9.4	7	8	7	27	26	19
ENSG00000224277	AP000345.2	0	0	0	0	2	0
ENSG00000224279	RP1-199H16.6	0	0	0	0	0	0
ENSG00000224334	AP000357.4	0	0	0	0	1	0
ENSG00000224404	LL22NC03-13G6.2	0	1	2	0	0	0
ENSG00000224435	NF1P6	0	0	0	1	3	0
ENSG00000224465	SOCS2P2	0	0	0	0	1	0
ENSG00000224688	E2F6P2	0	1	0	0	0	0
ENSG00000224715	CITF22-49D8.1	0	2	0	0	1	0
ENSG00000224794	RP3-333H23.8	0	0	1.36215931580568	1.12919545515721	0	1.00716734776731
ENSG00000224806	ARL5AP4	0	0	0	0	0	0
ENSG00000224856	RP4-796I17.5	0	1	0	0	0	1
ENSG00000224883	CTA-250D10.19	3	3	4	0	0	0
ENSG00000224973	LARGE-AS1	7	6	6	4	4	4
ENSG00000225007	AC000067.1	0	0	0	0	0	0
ENSG00000225098	BCRP1	0	0	0	0	0	0
ENSG00000225225	ARL2BPP10	0	0	0	0	0	0
ENSG00000225255	LINC01297	0	0	0	2	1	0
ENSG00000225282	AP000350.6	1	2	1	3	1	6
ENSG00000225293	ABCD1P4	0	0	0	0	2	0
ENSG00000225335	XXbac-B476C20.9	5.32195947695388	6.66967888811854	4.31042479446255	3.45635357052103	6.15003645624167	7.93880998684519
ENSG00000225413	AP000345.4	0	0	0	3	3	2
ENSG00000225450	RP3-508I15.14	1	2	2	3	0	2
ENSG00000225465	RFPL1S	172.905383172718	161.913510955511	174.097533359802	10.0296942766771	8.64694553029024	6.70149801900051
ENSG00000225480	AC006548.19	0	0	0	0	0	0
ENSG00000225528	RP3-370M22.8	0	1	0	8	0	6.067273112061
ENSG00000225544	KB-1027C11.4	0	1	1	1	0	1
ENSG00000225557	MTCO3P20	0	0	0	0	1	0
ENSG00000225676	RP3-438O4.4	0	0	0	0	2	0
ENSG00000225720	RP4-742C19.12	0	2	0	0	0	0
ENSG00000225724	LL22NC03-80A10.11	0	0	0	0	1	0
ENSG00000225741	LL22NC03-88E1.17	0	0	0	0	0	0
ENSG00000225774	SIRPAP1	0	0	0	0	0	0
ENSG00000225783	MIAT	613.517282057414	680.406574647565	682.319445574268	63.5225133918982	49.1858913856794	58.5579140524002
ENSG00000225867	RP5-1177I5.3	1	1	0	0	0	0
ENSG00000225929	AC000036.4	1	2	1	0	2	0
ENSG00000225971	CTA-85E5.6	0	0	0	0	0	0
ENSG00000226024	COX5BP7	0	1.33834597800521	0	0	0	0
ENSG00000226085	UQCRFS1P1	1	5	6	3	8	4
ENSG00000226142	RPL35P8	0	0	0	0	1	0
ENSG00000226160	LA16c-17H1.3	0	0	0	0	0	0
ENSG00000226169	RP11-375H17.1	0	0	0	0	1	0
ENSG00000226233	RP1-151B14.9	0	0	0	0	0	0
ENSG00000226287	TMEM191A	6.96961705904648	10.1605579090357	3.47072803216977	0	3	6.39866745232742
ENSG00000226328	NUP50-AS1	27.6091357753132	29	33	38.2007620233595	36.047329518095	33.3500996129774
ENSG00000226336	MRPS16P3	0	0	0	0	0	0
ENSG00000226420	IGLV3-4	0	0	0	0	0	0
ENSG00000226444	ACTR3BP6	0	0	0	0	1	0
ENSG00000226450	CYP2D8P	0	1.13944484058032	2	4.38978032340795	5	2.11897169203904
ENSG00000226471	CTA-292E10.6	3.16505866554331	7.7780341317058	1	10	8	14
ENSG00000226474	LA16c-2F2.5	0	0	0	0	0	0
ENSG00000226477	LL22NC03-84E4.11	0	0	0	0	0	0
ENSG00000226534	KB-1183D5.16	0	0	0	0	0	0
ENSG00000226573	CTA-85E5.7	0	0	0	0	0	0
ENSG00000226595	KB-288A10.19	0	0	1	0	0	0
ENSG00000226738	CTA-384D8.31	0	0	0	5	1	0
ENSG00000226741	CTA-929C8.6	0	0	0	0	3	0
ENSG00000226772	CTA-747E2.10	1.37150521611641	0	2	0	0	0
ENSG00000226872	AC002472.11	0	0	1	2.01939651712972	3.02602518274046	0
ENSG00000226885	E2F6P3	0	0	0	0	0	0
ENSG00000226912	ISCA2P1	0	0	0	0	1	0
ENSG00000226954	RP5-983L19.2	1.11125535614814	0	0	0	3.18858324962593	0
ENSG00000226989	AL049758.2	0	1	0	1	0	0
ENSG00000227009	FUNDC2P4	0	0	0	0	0	0
ENSG00000227117	HORMAD2-AS1	2	1	0	1	1.08917009130846	0
ENSG00000227188	MGAT3-AS1	3	8	8	1	1	1
ENSG00000227201	CNN2P1	0	0	0	0	1	0
ENSG00000227367	SLC9B1P4	0	0	0	0	1	0
ENSG00000227370	RP4-669P10.19	1	1	0	4	1	5
ENSG00000227413	RP5-1042K10.12	2	0	2	0	4	0
ENSG00000227484	XX-C283C717.1	0	1	0	1	0	0
ENSG00000227519	CTA-342B11.1	0	0	0	1	0	0
ENSG00000227710	LL22NC03-30E12.13	0	0	0	0	0	0
ENSG00000227755	AP000344.4	0	1	0	1	2	0
ENSG00000227813	RP1-180M12.1	0	1	0	0	0	0
ENSG00000227838	RP1-213J1P__B.1	0	0	0	2	0	1
ENSG00000227880	RP11-46E17.6	0	0	0	0	0	0
ENSG00000227895	ISX-AS1	0	0	0	2	0	1
ENSG00000228039	KB-1125A3.10	0	0	0	0	0	0
ENSG00000228045	DNAJA1P6	0	0	0	0	0	0
ENSG00000228050	TOP3BP1	0	0	0	1.31965299340122	0	2.81611374733129
ENSG00000228122	MTND1P17	0	0	0	0	0	0
ENSG00000228161	LL22NC03-23C6.15	0	0	0	0	0	0
ENSG00000228194	CTA-415G2.2	0	0	0	0	0	0
ENSG00000228274	RP3-508I15.9	16	18.3435405812564	20	15.2040922041305	18	14.4482755878762
ENSG00000228315	GUSBP11	78.8471808816431	60.4513145795743	66.1166828439872	39.1634245151812	17.2639899841143	35.8653104648897
ENSG00000228587	RP1-41P2.7	0	0	0	0	0	0
ENSG00000228599	RPL7P52	2	4	2	3	2	2
ENSG00000228620	RP3-434P1.6	0	0	0	0	0	0
ENSG00000228622	RP1-302D9.1	0	0	0	0	0	0
ENSG00000228719	RP5-1119A7.14	0	0	3	0	0	0
ENSG00000228807	MRPS18CP6	0	0	0	0	0	0
ENSG00000228839	PIK3IP1-AS1	1	1	3	1	0	2
ENSG00000228923	AP000355.2	0	0	0	0	1	0
ENSG00000229027	HSFY1P1	0	0	0	0	0	0
ENSG00000229088	MTND1P10	0	0	0	1	3	0
ENSG00000229107	ABHD17AP4	0.999998810354882	1	3	0	1	3
ENSG00000229169	RP11-247I13.6	0	0	0	0	0	0
ENSG00000229266	POM121L8P	0	0	0	0	0	0
ENSG00000229275	LL22NC03-121E8.3	0	0	0	0	0	0
ENSG00000229286	LA16c-4G1.4	0	0	0	0	0	1
ENSG00000229409	RP11-494O16.3	0	1	0	0	0	1
ENSG00000229492	AC004019.10	0	4	1	1	1	1
ENSG00000229598	PRDX3P1	3	3	2	11	3	10
ENSG00000229608	GOLGA2P4	0	0	0	0	0	0
ENSG00000229658	PABPC1P9	0	0	0	0	1	0
ENSG00000229673	LL22NC01-116C6.1	0	0	1	0	1	0
ENSG00000229770	CTA-796E4.4	1	0	0	0	0	1
ENSG00000229891	LINC01315	1	3	5	2	4	1
ENSG00000229955	RP1-5O6.4	1	0	1	4	4	2
ENSG00000229971	RP5-1119A7.10	0	0	0	0	0	0
ENSG00000229999	RP5-1042K10.10	1	2	1	3	3	2
ENSG00000230051	CTA-929C8.8	1	3	1	0	0	0
ENSG00000230071	RPL4P6	1	2	1	8	5	11
ENSG00000230107	CTA-126B4.7	0	0	0	1	1	1
ENSG00000230120	RP1-90G24.8	0	0	0	0	0	0
ENSG00000230137	RP4-539M6.18	0	0	0	1	0	0
ENSG00000230149	RP3-508I15.19	0	2.16742859395688	0	5.35041922385308	4.14649398884293	1.03080500596987
ENSG00000230194	AC000081.2	0	0	1	0	1	0
ENSG00000230203	CTB-1048E9.7	0	0	0	0	1	0
ENSG00000230319	AL022476.2	7.45437258159864	5.67969673615535	6.62856383183377	4.03368004806187	3.48370148522589	3.62124126120313
ENSG00000230345	RP13-455A7.1	1.77171517116403	0.845992642968794	0.953323326680635	3.84541040353469	1.77422845022897	1.62867625536435
ENSG00000230471	LA16c-2F2.8	0	0	3	3.05777308834251	5.13216187773229	1
ENSG00000230481	IGKV1OR22-5	0	0	0	0	0	0
ENSG00000230485	AC000077.2	0	0	0	0	1	0
ENSG00000230513	THAP7-AS1	7.39840768487451	9.06812080199767	7.80943732371819	9.83864548556693	1.25112367527334	4.04754235433347
ENSG00000230634	RP5-996D20.3	0	0	0	0	0	0
ENSG00000230637	CTA-246H3.8	0	0	0	0	0	1.51771938753416
ENSG00000230643	LA16c-60G3.5	0	0	0	0	0	0
ENSG00000230701	FBXW4P1	2	3	5	8	6	10
ENSG00000230712	GGTLC4P	0	0	1	0	0	0
ENSG00000230736	RP1-149A16.3	0	3	3	1	1	1
ENSG00000230741	SC22CB-1D7.1	1	1	2	3	1	0
ENSG00000230769	RP3-408N23.4	1	1	3	5	1	1
ENSG00000230821	KB-288A10.17	0	1	0	0	1	0
ENSG00000230866	CTA-342B11.2	0	0	0	0	1	0
ENSG00000230912	RP3-508I15.10	1	0	0	0	3	1
ENSG00000230922	RP4-753M9.1	1	5	0	4	4	1
ENSG00000230947	AP000356.2	0	1.0763361998638	1.01004733989268	0	0	2.27110978422398
ENSG00000231004	CECR9	0	0	0	0	0	0
ENSG00000231010	RP6-109B7.2	9	14	11	2	1	5
ENSG00000231086	TSSK1A	0	0	0	0	2	1
ENSG00000231253	RP1-302D9.2	0	0	0	0	0	0
ENSG00000231261	HMGN2P10	0	1	0	0	0	0
ENSG00000231271	AP000350.8	0	0	0	0	0	0
ENSG00000231369	RP1-40G4P.1	0	0	0	0	0	0
ENSG00000231392	LL22NC03-24A12.8	0	0	0	0	0	0
ENSG00000231405	CTA-992D9.7	0	0	0	0	1	0
ENSG00000231466	CTA-246H3.11	0	2	2	4	1	1
ENSG00000231467	RP5-1170K4.7	0	0	0	0	1	0
ENSG00000231495	RP1-213J1P__B.2	0	0	0	0	0	0
ENSG00000231565	NEK2P2	0	0	0	0	1	0
ENSG00000231576	MTCO2P20	0	0	0	0	0	0
ENSG00000231711	LINC00899	7.13096401984877	13.0439509284681	10.0694414958234	7.12858831568355	5	9.02911865745894
ENSG00000231801	ANP32BP2	0	0	0	0	0	0
ENSG00000231907	GAPDHP37	0	1	0	0	1	0
ENSG00000231933	CTA-125H2.2	0	0	0	1	5	4
ENSG00000231993	EP300-AS1	1	2	0	1	1	2
ENSG00000232050	CTA-125H2.3	0	0	0	0	0	0
ENSG00000232073	RP1-302D9.3	0	0	0	0	0	0
ENSG00000232081	LARGE-IT1	0	0	0	0	0	0
ENSG00000232218	RP1-149A16.16	1	0	0	1	0	1
ENSG00000232254	CSF2RBP1	0	0	0	0	1	0
ENSG00000232305	CLCP1	1	1	0	0	0	0
ENSG00000232346	SC22CB-1E7.1	0	0	0	0	0	0
ENSG00000232350	LL22NC03-102D1.16	0	0	0	0	0	0
ENSG00000232363	RP1-102D24.5	0	0	0	0	1	0
ENSG00000232396	RP1-76B20.11	0	1	0	0	1	0
ENSG00000232464	CTA-125H2.1	0	0	0	0	0	0
ENSG00000232515	LL22NC03-75A1.9	0	0	0	0	0	0
ENSG00000232530	RP1-102K2.6	0	1	0	3	1.15450692785647	0
ENSG00000232545	KB-318B8.7	8	9	6	10	8	9
ENSG00000232564	RP4-591N18.2	5.24808747161632	10	6.50648767411041	16.6174689773082	7.12262207117322	12.1376733184244
ENSG00000232603	LL22NC03-22A12.12	0	0	0	0	0	0
ENSG00000232655	CTA-397C4.2	0	0	0	0	0	0
ENSG00000232707	AP1B1P2	0	0	0	0	0	0
ENSG00000232710	RP4-669P10.16	11.4623782796263	6.93278868801573	3.83989401109537	13.4501512450632	0	0
ENSG00000232754	RP1-85F18.6	0	3	0	3	3	1
ENSG00000232771	PPP1R26P5	0	0	0	0	1	0
ENSG00000232775	BMS1P22	0	2	2	23	21.8277722566268	25.8923553593123
ENSG00000232897	RP11-191L9.5	1	0	1	0	2	1
ENSG00000232926	AC000078.5	2	9	2	6	4	4
ENSG00000233010	RPEP4	2	4	1	2	0	3
ENSG00000233080	LINC01399	0	0	0	4	0.652800661347755	2
ENSG00000233157	RP3-388M5.8	1	0	1	0	0	1
ENSG00000233179	RP11-536P6.3	0	0	0	0	0	0
ENSG00000233360	Z83844.1	1	3	1	7.34485399596844	2.08526519098089	2.04664611080669
ENSG00000233388	RP4-569D19.5	1.00368809056283	0	0	4.17699098369899	2.14475254069199	4.41853309639693
ENSG00000233408	LA16c-23H5.4	0	0	0	0	1	0
ENSG00000233471	KRT18P62	1	1	0	1	0	1
ENSG00000233521	RP5-1172A22.1	3.04347405057697	2.0422242179491	0	4.03898361003407	2.53446669134532	6.19170158348777
ENSG00000233574	CTA-929C8.5	0	0	0	0	0	0
ENSG00000233577	RP3-462D8.2	0	0	0	0	0	0
ENSG00000233603	JTBP1	1	1	0	5	1	4
ENSG00000233632	RP1-302D9.5	0	0	0	0	1	0
ENSG00000233720	LL22NC03-30E12.11	0	0	0	0	0	0
ENSG00000233733	H2AFZP6	2	0	2	0	0	0
ENSG00000233739	RP5-1039K5.13	0	0	0	0	0	0
ENSG00000233764	MTCO1P20	0	0	0	0	1	0
ENSG00000233866	LA16c-4G1.3	0	0	0	0	3	0
ENSG00000233903	Z83851.4	1	2	0	8	5	5
ENSG00000233995	KB-67B5.12	0	0	0	0	0	0
ENSG00000234009	RPL5P34	0	0	0	0	0	1
ENSG00000234121	GPM6BP3	0	0	0	0	0	0
ENSG00000234208	CTA-256D12.11	0	0	0	0	0	0
ENSG00000234300	LINC00229	0	0	0	0	0	0
ENSG00000234353	AP000347.4	1	1.79598696209706	1.48455999559673	2.35302155212599	9.27041371938888	5.81545796282226
ENSG00000234381	MED15P7	0	0	0	0	0	0
ENSG00000234409	CCDC188	6	5	4	4	2	0
ENSG00000234479	AP1B1P1	0	0	0	0	1	0
ENSG00000234503	KB-1592A4.14	0	0	0	0	0	0
ENSG00000234626	RP1-149A16.12	0	1	1	0	0	0
ENSG00000234630	LL22NC03-2H8.4	0	0	0	0	0	0
ENSG00000234688	RP1-293L6.1	3	2	4	0	0	0
ENSG00000234726	LL22NC03-123E1.5	0	0	0	0	0	0
ENSG00000234735	AL022237.3	0	1	0	0	0	0
ENSG00000234764	E2F6P1	0	0	0	3	0	0
ENSG00000234869	RP3-439F8.1	0	0	0	0	7	1
ENSG00000234884	CTA-407F11.8	1	1	0	0	5	1
ENSG00000234891	RP1-288L1.5	2	3	0	0	1	0
ENSG00000234892	Z82214.2	0	0	0	0	0	0
ENSG00000234913	XXbac-B476C20.13	2.49936954523467	9	3.20173541175549	2.30827403117435	2.06301519457882	4.02202419083197
ENSG00000234928	AP000344.3	0	0	0	0	1	1
ENSG00000234965	SHISA8	30	29	13	0	0	4
ENSG00000234979	CITF22-24E5.1	2	0	0	0	0	0
ENSG00000235062	BCRP5	0	0	0	0	0	0
ENSG00000235091	WI2-85898F10.1	0	0	0.430967533005269	3.67713051549636	2.00585087390191	1.19983235585158
ENSG00000235111	RP1-29C18.8	1	0	1	17	12	9
ENSG00000235154	CTA-280A3__B.2	0	0	0	0	0	0
ENSG00000235159	RP6-109B7.4	14	15	12	6	5	5
ENSG00000235209	CTA-150C2.13	0	0	0	0	0	0
ENSG00000235237	RP1-151B14.6	0	0	0	2.28758208472695	0	0
ENSG00000235246	RP1-5O6.5	0	0	0	1	0	0
ENSG00000235271	LINC01422	0	1	0	0	1	0
ENSG00000235295	FLJ41941	0	1	0	0	3.03823755253745	0
ENSG00000235328	AC006946.12	0	1	1	1	1	1
ENSG00000235343	AC005301.8	0	0	0	1	0	0
ENSG00000235347	RP1-37M3.8	0	3	2	5	1	0
ENSG00000235445	XXbac-B476C20.14	2	6	2	2	1	1
ENSG00000235478	AC006946.15	3	3	1	0	2	0
ENSG00000235485	RP1-101G11.2	0	0	0	0	0	0
ENSG00000235513	RP4-756G23.5	9.40883264908399	7.44260719436511	11.5687756509035	2.62184581836872	7.13139395691654	8.08022525214596
ENSG00000235568	NFAM1	5	5	12	10.0685399192436	10.0777860194173	7.23199094071076
ENSG00000235573	RP3-412A9.12	0	0	0	0	0	0
ENSG00000235578	XXbac-B33L19.4	0	0	0	1	0	0
ENSG00000235617	XXbac-B476C20.10	0	0	0	0.170660692281216	0	0
ENSG00000235647	RP1-172B20.6	0	0	0	0	1	0
ENSG00000235689	AP000351.13	0	0	0	0	1	0
ENSG00000235759	ARHGAP42P3	0	0	0	0	2	0
ENSG00000235776	AC000089.3	1	0	0	2	1	1
ENSG00000235786	ZNRF3-IT1	1	6	3	4	2	2
ENSG00000235954	TTC28-AS1	44.1663916587386	64.6158281856551	68.6992190902442	57.3254183000736	53.3739832033878	53.6857560282725
ENSG00000235969	CHEK2P4	0	0	0	0	0	0
ENSG00000235989	MORC2-AS1	1.19431843760587	5.27208522889583	4.98455798727275	4.25484063840514	1.49851188791518	3
ENSG00000235992	GRAMD4P2	0	0	0	0	1	0
ENSG00000236003	AC007050.17	1	1.94029186854059	0	3	3	2
ENSG00000236052	LL22NC03-86D4.1	0	0	0	0	1	0
ENSG00000236054	LL22NC03-104C7.1	0	3	3	1	1	1
ENSG00000236079	RP1-32I10.11	0	0	0	0	0	0
ENSG00000236097	BNIP3P2	0	0	0	0	2	0
ENSG00000236117	RP4-754E20__A.5	1	0	0	1	3	0
ENSG00000236118	LL22NC03-30E12.10	0	0	0	0	0	0
ENSG00000236132	CTA-440B3.1	0	0	0	1	2	0
ENSG00000236235	LA16c-13E4.3	0	0	0	0	0	0
ENSG00000236272	Z82214.3	0	0	0	0	0	0
ENSG00000236323	BMP6P1	0	0	0	0	0	0
ENSG00000236325	AC005300.5	0	0	0	1	0	0
ENSG00000236464	CTA-796E4.3	0	0	0	0	1	0
ENSG00000236499	LINC00896	0	3	0	6	4	6
ENSG00000236540	AC006547.13	6	18.9027168435969	16.1177727877895	13	7	19
ENSG00000236611	AP000343.2	1	0	2	1	0	1
ENSG00000236641	CTA-221G9.7	0	0	0	0	0	0
ENSG00000236666	POTEH-AS1	0	0	0	0	2	0
ENSG00000236670	KRT18P5	5	2	3	9	2	12
ENSG00000236754	AC004019.13	7.60492136556525	3	7.16112615591412	3.09969750893302	7.43580940907314	8.62204453590456
ENSG00000236794	BCRP8	0	1	0	0	0	0
ENSG00000236831	YME1L1P1	0	0	0	0	0	0
ENSG00000236850	BMS1P20	19.119504501594	23.5303477277577	28.5504593110613	36.8601595335196	17.0711424082696	19.8397555203887
ENSG00000236858	CTA-992D9.6	1	0	0	0	2	0
ENSG00000236867	RP3-522J7.5	2	3	2	3	3	3
ENSG00000236890	XXbac-B476C20.11	0	0	1	3	0	0
ENSG00000237015	CTA-984G1.5	2	1	3	8	4.51631015166485	5.37912968581758
ENSG00000237037	NDUFA6-AS1	73.5376217203737	81.0697250968117	69	27.2703614710686	25	21
ENSG00000237127	LL22NC03-84E4.8	0	0	0	0	1	0
ENSG00000237129	MTCYBP34	0	0	0	0	0	0
ENSG00000237214	RP11-12M9.3	0	0	0	0	0	0
ENSG00000237299	LA16c-60G3.6	0	0	0	0	1	0
ENSG00000237316	RP1-288L1.4	0	0	1	0	0	0
ENSG00000237347	AC004461.4	1	0	0	0	0	0
ENSG00000237358	AC007064.25	0	0	0	0	0	0
ENSG00000237387	CTA-407F11.7	0	0	1	2	0	1
ENSG00000237406	NDUFA9P1	3	3	1	4	4	3
ENSG00000237407	KB-1183D5.14	0	0	0	0	0	0
ENSG00000237428	LL22NC03-22A12.9	0	0	0	0	1	0
ENSG00000237438	CECR7	21	26	31	37	33	24
ENSG00000237439	RP1-127L4.10	0	0	0	0	0	0
ENSG00000237446	RHEBP3	1	0	1	0	0	0
ENSG00000237472	AP000361.2	0	0	0	0	0	0
ENSG00000237476	XXbac-B135H6.15	5	3	4	1	6	0
ENSG00000237517	DGCR5	151.76849539346	191.885146677681	142.790047094158	13.1263846181561	13.3588845452031	9.00660991668291
ENSG00000237601	AP000358.5	0	0	0	0	0	0
ENSG00000237668	RPS15AP38	0	0	0	0	1	0
ENSG00000237689	AC007064.24	1	2	2	2	0	1
ENSG00000237835	AC007064.22	0	0	0	0	0	0
ENSG00000237862	RP1-63G5.7	1	2	1	1	3	0
ENSG00000237948	MTATP6P20	0	0	0	0	1	0
ENSG00000237977	EIF4HP2	1	4	9	3	6	5
ENSG00000238120	LINC01589	0	0	0	3	1	0
ENSG00000238125	SLC9A3P2	0	0	0	0	0	2
ENSG00000238153	CTA-714B7.4	0	0	0	0	0	0
ENSG00000238192	LL22NC03-121E8.4	0	0	0	0	1	0
ENSG00000238195	CTA-503F6.2	0	0	0	0	1	0
ENSG00000238498	SNORD13P1	0	0	0	0	0	0
ENSG00000238584	RNU7-167P	0	0	0	0	0	0
ENSG00000238875	RN7SKP210	0	0	0	0	0	0
ENSG00000239127	SNORD125	0	0	0	0	0	0
ENSG00000239249	RN7SL757P	1	0	0	0	0	0
ENSG00000239282	GATSL3	13.187154955801	10.0694387946859	10	8.9485827838835	7.99999923349461	9.99999943962862
ENSG00000239435	KCNMB3P1	0	0	0	2	0	1
ENSG00000239446	RP1-76B20.12	0	0	0	0	0	0
ENSG00000239511	POM121L7	4.03873065538409	0	2.29671965242313	0	2.03825025464181	0
ENSG00000239547	RN7SL843P	0	0	0	0	0	0
ENSG00000239674	RP1-127L4.7	0	0	0	1	0	0
ENSG00000239713	APOBEC3G	9	10.3667337615296	4	50.9980989072653	31.1721147224804	33.0449556829439
ENSG00000239900	ADSL	46.5443244154269	54.8153637813264	52.1704384186266	349.942883375761	209.645357331193	239.363398699486
ENSG00000239989	AC008132.14	0	0	0	0	0	0
ENSG00000240122	FABP5P11	0	0	0	0	0	0
ENSG00000240160	RN7SL263P	1	1	1	1	0	2
ENSG00000240186	RN7SL633P	0	0	0	0	0	0
ENSG00000240591	RP11-247I13.11	1.69722758199383	0	2.5602150965556	1.11112202711385	2.20252212029998	0
ENSG00000240647	RN7SL305P	0	0	0	0	0	0
ENSG00000240972	MIF	101.752355826683	138.795795517262	115.315225568098	477.077213893669	316.684238876141	493.966949922983
ENSG00000241333	RN7SL385P	0	1	0	0	0	0
ENSG00000241360	PDXP	209	278	231.545094208396	134.297236472284	67.7529966815971	98.8336436344792
ENSG00000241484	ARHGAP8	5.64027330467592	4.9902833515734	5.31545043071783	22.2906689872626	23.930137365154	20.4001720518804
ENSG00000241527	CA15P1	4	2	4	0	2	0
ENSG00000241693	RN7SL704P	0	0	0	0	1	1
ENSG00000241717	VWFP1	2	2.34294285714286	3	1	2.69501938976378	0
ENSG00000241832	CECR3	1	0	1	0	1	0
ENSG00000241838	LA16c-3G11.7	0	0	0	2	2	2
ENSG00000241878	PISD	194	244	236	151	94	103
ENSG00000241954	RP1-149A16.17	0	1	0	3	2	0
ENSG00000241973	PI4KA	1136.23606867093	1248.99073391597	1118.26401534045	433.72311421707	333.104943016788	403.302282772936
ENSG00000241990	PRR34-AS1	5	10	6	17	4	11
ENSG00000242082	RP1-90G24.10	3	11.5614532517776	5.7961528881888	2	3	3
ENSG00000242114	MTFP1	0	2.67085179316568	5.79675131705277	61.9730583686571	39.0538119569119	33.843614762278
ENSG00000242156	AC000041.8	0	0	0	1.23763727325764	3.69553341879595	0.413844058619535
ENSG00000242247	ARFGAP3	57	72	47	195	156.627411622469	139.588707786031
ENSG00000242251	RN7SL20P	0	0	0	1	2	1
ENSG00000242259	C22orf39	67.6220423291113	101.485828169776	85.272374376352	132.410563798647	126.234697064358	102.222991078385
ENSG00000242876	RN7SL812P	0	0	3	1	0	1
ENSG00000243156	MICAL3	411.649158731112	555.13334638473	550.842071483075	269.800560904308	171.106410824419	242.659345873378
ENSG00000243453	COX7BP1	0	0	0	0.797006277502069	0	0.820522439683703
ENSG00000243519	IGLVIVOR22-2	0	0	0	0	0	0
ENSG00000243762	AC006547.8	0	0	0	0	0	0
ENSG00000243811	APOBEC3D	6.50718079962851	4.09620767522024	5.61421099414587	22.6960815362351	9.1835266947646	9.09865949087986
ENSG00000243902	ELFN2	2	4	3	0	1	0
ENSG00000244296	RN7SL168P	0	1	0	4	2	1
ENSG00000244425	RN7SL268P	1	1	1	4	1	2
ENSG00000244486	SCARF2	12.9056887212332	7	3	44	24	48
ENSG00000244491	RP3-508I15.18	3.47290156058895	0	0	5.04782904279918	0	3.39199671419096
ENSG00000244509	APOBEC3C	4	3.07790098576012	3	80	49	59
ENSG00000244625	MIATNB	6.92250376252934	7.55218584861635	8.30995336079072	12.2862337222191	13.7814138218758	13.7125648076544
ENSG00000244627	RP3-449O17.1	13.9504808922762	10.0363749334351	12.0383210635939	24.9248266803599	33.2444083666384	27.9701601681961
ENSG00000244671	RN7SL280P	1	0	0	1	0	0
ENSG00000244723	ASLP1	1	0	1	5	4	5
ENSG00000244752	CRYBB2	0	1	0	0	2.09954764754518	0
ENSG00000248405	PRR5-ARHGAP8	2.20332598218128	3.08187178951105	0	1.60671842233023	1	0
ENSG00000248409	KB-1269D1.8	0	0	0	0	0	0
ENSG00000248751	RP1-130H16.18	4.77654923976657	7.19245814351369	0	9.53938214930795	1.03527097991018e-06	7.18618051352366e-07
ENSG00000249222	ATP5L2	1	4.69524864570693	1	2	0	1
ENSG00000249263	PARP4P3	1	0	0	1	1	2.949153998191
ENSG00000249288	SLC25A15P5	0	0	0	2	2	3
ENSG00000249310	APOBEC3B-AS1	2	0	1	5	0	1
ENSG00000249333	LL22NC03-23C6.12	0	0	0	0	1	0
ENSG00000249590	RP4-539M6.19	5.8906026167211	6.70514746069163	2.38398372204946	9.43619951689366	4.94618804308809	20.156385237722
ENSG00000249680	TUBA3GP	0	0	0	0	0	0
ENSG00000249923	XXbac-B444P24.8	0	3.09798509227699	5.02143283331615	0	1.09317612837644	0
ENSG00000250261	CCDC74BP1	0	0	1.0463157252889	1	0	0
ENSG00000250318	CTA-963H5.5	1	2	0	2	0	1
ENSG00000250470	AP000351.3	0	0	0	0	0	0
ENSG00000250479	CHCHD10	46	58	38	50	37	47
ENSG00000251322	SHANK3	353	431	359	41	22	33
ENSG00000251357	AP000350.10	2.90753939931069e-05	0	0	5.53493208530406	1.17935391928853e-07	0
ENSG00000251890	RNA5SP497	0	0	0	0	0	0
ENSG00000251913	RNU6-513P	0	0	0	0	0	0
ENSG00000251940	SNORA15	0	0	0	0	0	0
ENSG00000251952	RNU6-1219P	0	0	0	0	0	0
ENSG00000251985	RNU6-1161P	0	0	0	1	0	0
ENSG00000252020	SCARNA17	0	0	0	0	0	0
ENSG00000252143	SCARNA17	0	0	0	0	0	0
ENSG00000252225	Y_RNA	0	0	0	0	0	0
ENSG00000252267	RNA5SP495	0	0	0	0	0	0
ENSG00000252412	Y_RNA	1	1	1	0	0	0
ENSG00000252603	RNU6ATAC22P	0	0	0	0	0	0
ENSG00000252859	RNU6-375P	0	0	0	0	1	0
ENSG00000252909	RNU6-201P	0	0	0	0	0	0
ENSG00000253007	SNORA76	0	1	0	1	0	0
ENSG00000253120	IGLV2-34	0	0	0	0	0	0
ENSG00000253126	IGLVI-56	0	0	0	0	0	0
ENSG00000253152	IGLV3-17	0	0	0	0	0	0
ENSG00000253234	IGLV2-5	0	0	0	0	1	0
ENSG00000253239	IGLVI-70	0	0	0	0	1	0
ENSG00000253242	IGLVIV-64	0	0	0	0	0	0
ENSG00000253329	IGLV3-30	0	0	0	0	0	0
ENSG00000253338	IGLV3-29	0	0	0	0	1	0
ENSG00000253352	TUG1	263.010617382947	302	275.254904009025	769.788476662711	489.830710725509	545
ENSG00000253448	IGLV3-6	0	0	0	0	0	0
ENSG00000253451	IGLV2-28	0	0	0	0	0	0
ENSG00000253460	IGKV2OR22-3	0	0	0	0	0	0
ENSG00000253481	IGKV1OR22-1	0	0	0	0	0	0
ENSG00000253546	IGLVVI-22-1	0	0	0	0	0	0
ENSG00000253590	IGLV3-13	0	0	0	0	0	0
ENSG00000253631	IGLV7-35	0	0	0	0	0	0
ENSG00000253637	IGLVV-58	0	0	0	0	0	0
ENSG00000253691	IGKV2OR22-4	0	0	0	0	0	0
ENSG00000253752	IGLVI-63	0	0	0	0	1	0
ENSG00000253779	IGLVVI-25-1	0	0	0	0	0	0
ENSG00000253786	IGLV3-15	0	0	0	0	0	0
ENSG00000253794	IGLV10-67	0	0	0	0	1	0
ENSG00000253818	IGLV1-41	0	0	0	0	0	0
ENSG00000253822	IGLV3-24	0	0	0	0	0	0
ENSG00000253823	IGLV1-62	0	0	0	0	2	0
ENSG00000253874	IGLVIV-66-1	0	0	0	0	0	0
ENSG00000253889	IGLVI-38	0	0	0	0	1	0
ENSG00000253913	IGLV3-26	0	0	0	0	0	0
ENSG00000253920	IGLV3-31	0	0	0	0	0	0
ENSG00000253935	IGLVIV-53	0	0	0	0	1	0
ENSG00000253963	IGLV3-2	0	0	0	0	0	0
ENSG00000254029	IGLC4	0	0	0	0	0	0
ENSG00000254030	IGLC5	0	0	0	0	0	0
ENSG00000254073	IGLVVII-41-1	0	0	0	0	0	0
ENSG00000254075	IGLVV-66	0	0	0	0	0	0
ENSG00000254077	IGLV3-7	0	0	0	0	0	0
ENSG00000254127	IGLCOR22-1	0	0	0	0	0	1
ENSG00000254161	IGLVIV-65	0	0	0	0	0	0
ENSG00000254175	IGLVI-42	0	0	0	0	0	0
ENSG00000254240	IGLVI-20	0	0	0	0	0	0
ENSG00000254264	IGKV3OR22-2	0	0	0	0	1	0
ENSG00000254308	IGLVIV-59	0	0	0	0	0	0
ENSG00000254355	IGLVI-68	0	0	0	0	0	0
ENSG00000254413	CHKB-CPT1B	24.6898374416171	4	18.9182146190047	44.2068596751773	24.153273431738	25.0010472195912
ENSG00000254499	AC002056.5	0	0	0	0	0	0
ENSG00000254709	IGLL5	0	0	0	0	0	0
ENSG00000254835	RNF185-AS1	0.0791565461984288	0	0	0	0.221918227261789	0.594746403907474
ENSG00000255156	RNY1P9	0	0	0	0	0	0
ENSG00000258555	SPECC1L-ADORA2A	16.6987378979775	14.599476990358	22.2544507029958	0	27.6492812030403	56.9136645717235
ENSG00000259271	ANKRD62P1	0	0	0	2.24694846061201	0	1
ENSG00000259421	CTA-150C2.20	0	0	0	0	0	0
ENSG00000260613	RP3-522J7.6	1	2.47059165101567	1	1	2	0
ENSG00000260708	CTA-29F11.1	2	6	12	14	12	15
ENSG00000260924	LINC01311	3	1	2	11	8	11
ENSG00000261188	CTA-445C9.14	14	23	13	26	13	17
ENSG00000261202	RP3-496C20.1	0	2.75528084602818	0	1	0	2
ENSG00000261251	RP3-388M5.9	3	2	6	1	4	5
ENSG00000261675	RP5-1119A7.17	39	56	43	0	0	0
ENSG00000263366	ABHD17AP5	1.18964511785365e-06	0	0	0	0	0
ENSG00000263764	SNORD43	0	0	0	0	0	0
ENSG00000264073	MIR3199-1	0	0	0	1	0	1.18518053930106e-08
ENSG00000264139	MIR3667	0	0	0	0	0	0
ENSG00000264141	MIR3928	0	0	0	0	0	0
ENSG00000264160	MIR4762	0	0	0	0	0	1
ENSG00000264346	SNORA77	0	1.7762342734077	0	0	0.907865507653589	0
ENSG00000264661	MIR3200	1	0	0	0	0	0
ENSG00000264757	MIR3198-1	0	0	0	0	0	0
ENSG00000264824	MIR5571	0	0	0	0	0	0
ENSG00000266012	MIR4764	1	0	0	0	0	0
ENSG00000266320	MIR3909	1	0	0	1	1	0
ENSG00000266503	RN7SL162P	0	0.354503454584043	0	0	0	1.845552730334
ENSG00000266508	MIR3201	0	0	0	0	0	0
ENSG00000266533	MIR3619	2	2	1	2	1	1
ENSG00000266594	MIR4766	0	0	0	2	0	0
ENSG00000266887	MIR4535	0	0	0	0	1	0
ENSG00000267338	KB-7G2.9	0	0	1	3	3	2
ENSG00000268292	AC006547.15	0	0	0	0	0	0.083227235165627
ENSG00000268812	RP1-102K2.8	0	0	0	2	1	0
ENSG00000268818	CITF22-62D4.1	0	1	2.02453927161545	2.15434358140364	2.02238095489307	0
ENSG00000269220	LINC00528	2	0	0	2	3	5
ENSG00000269972	RP3-430N8.10	0	0	0	2.5861537303606	0	0
ENSG00000269987	RP3-430N8.11	0.989382617053026	0	3.74502800654988	1.62028798265125	5.42075570178774	0
ENSG00000270022	RNU12	5.2387991759065	2.0973034056684	3.14295374921249	16.6931615945379	3.14346858392816	10.4763693008131
ENSG00000270083	RP1-257I20.14	1	1	2	4	3	1
ENSG00000270226	AC006548.26	0	0	0	0	0	0
ENSG00000270393	AC000095.9	3.24363426346528	0	7.12542206359507	0	0	0.1655922128488
ENSG00000271093	IGLCOR22-2	0	0	0	0	0	0
ENSG00000271127	LL22NC03-N64E9.1	0	1	0	16	9	19
ENSG00000271138	IGLVIVOR22-1	0	0	0	0	0	0
ENSG00000271181	CTA-221G9.10	0	0	0	0	0	0
ENSG00000271275	AC007326.9	8	5	7	1	0	0
ENSG00000271672	DUXAP8	0	0	2.56665374699265e-08	0	1.57710952752831	0
ENSG00000272578	AP000347.2	34.2630931423925	34.4557393294775	48.1827179429985	55.0152736971041	38.9332771285391	26.4218147814256
ENSG00000272582	RP5-1039K5.17	0	0	0	1.02648588656822	0.779699369606262	0
ENSG00000272600	AC007308.7	0	0	0.0714309222735812	0	0	1.28032478657662
ENSG00000272666	CTA-384D8.35	0	0	0	0	1	0
ENSG00000272669	RP3-508I15.21	1	5	1	4	8	4
ENSG00000272682	AC004471.10	2.01262971654468	1	1.86374013800508	0	2.3970733542094	0
ENSG00000272689	RP4-539M6.21	0	2	1	3	4	2
ENSG00000272694	RP1-63G5.8	0	0	0	0	0.0054073874919733	1.90660106460399
ENSG00000272720	CTA-228A9.3	15.5931965856736	6.57287367159068	4.88783753653482	11.2207014460299	3.8382192835994	4.32865191298511
ENSG00000272733	KB-208E9.1	1	3	0	0	1	0
ENSG00000272779	LL22NC03-80A10.6	32.880495498406	39.0531786024499	21.3759981183836	50.1398404664804	30.8101808945725	46.7758969654464
ENSG00000272787	KB-226F1.2	1	1	1	2	1	3
ENSG00000272798	CTA-390C10.9	0	1	0	0	1	2
ENSG00000272821	CTA-384D8.36	13.3773056421524	18.349332741065	12.7328997223037	13.5494703831116	3.37548168077688	15.6034257908106
ENSG00000272829	XXbac-B135H6.18	4	4	1	1	2	1
ENSG00000272834	RP5-1042K10.13	0	0	1	1	1	3
ENSG00000272836	RP3-402G11.27	6	2	0	5	1	2
ENSG00000272858	CTA-292E10.8	1	0	0	4	3	2
ENSG00000272872	LL22NC03-N14H11.1	4	2	0	89	37	47
ENSG00000272940	CTA-384D8.33	0	1	4	1	2	1
ENSG00000272942	CTA-246H3.12	1	1	0	1	1	1
ENSG00000272954	KB-1440D3.13	0	0	0	4	5	1
ENSG00000272973	KB-1125A3.11	0	5.25217579512047	1	2	0	2
ENSG00000272977	CTA-390C10.10	10	18	10	13.0143923508418	8.33350292009631	4
ENSG00000273000	KB-1572G7.2	0	40.0225780994098	10.8807453022358	39.9892964699089	34.8753360187046	42.153734579308
ENSG00000273032	DGCR9	40.7563657365347	48	37.8745779364049	7	3	5.8344077871512
ENSG00000273044	RP4-569D19.8	0	0	0	0	0	0
ENSG00000273068	CTA-714B7.7	0	0	0	0	0	0
ENSG00000273076	RP3-508I15.22	0	1.17551951872909	0	1.58300974348903	0	0
ENSG00000273082	LL22NC03-32F9.1	0	0	0	2	0	0
ENSG00000273096	RP3-508I15.20	0	1	1	2	2	2
ENSG00000273137	RP3-402G11.28	3.11416075311342	6.66786584210468	4	7.28066303034162	2	3.39633172519509
ENSG00000273139	XXbac-B444P24.14	3	3	2	3	0	2
ENSG00000273145	CITF22-92A6.1	0	1.00316156560357	1.38397332951176	1.00918006164765	5.21559522095271	5.04957708425329
ENSG00000273164	AC000095.11	9	4	9	0	0	0
ENSG00000273176	RP3-510H16.3	2	0	1	0	0	0
ENSG00000273188	RP3-402G11.25	4.94616210826967	6	3	7.74774931651346	5	4
ENSG00000273192	CITF22-1A6.3	7.70755604348302	17.1454748694754	3.77369965939701	15.8768058186918	3.13415102697105	13.192047533804
ENSG00000273203	AC006946.16	7.02204113450443	7.04282788435527	5	6.11694713921025	3.0130801720315	4.00899276761014
ENSG00000273212	AC000068.10	0	0	0	0	2	4
ENSG00000273214	RP5-1039K5.18	0	0	1	0	1	0
ENSG00000273216	AC002059.10	0	0	1	1	0	0
ENSG00000273243	CTA-217C2.2	1	3	0	6	1	3
ENSG00000273244	KB-7G2.8	0	0	0	0	0.304980610236221	0
ENSG00000273253	RP3-402G11.26	12.5674647375841	15	8.01731508335133	2.42143513014023	0	2.15292969339339
ENSG00000273272	CTA-384D8.34	0	0	0	0	0	0
ENSG00000273287	CTA-268H5.14	1	3	1	0	0	0
ENSG00000273289	RP6-109B7.5	3	8	3	0	0	0
ENSG00000273295	AP000350.5	11	14	12	29	25	25
ENSG00000273300	AC000068.9	0	2.74472519693691e-06	1.28446002332783	0	4.50530601777042	0.605153213064374
ENSG00000273311	DGCR11	5.02070606039197	10.2152657540575	12	19.6860780106563	6	14.6491096731207
ENSG00000273325	RP1-90G24.11	0	2	0	0	0	0
ENSG00000273342	KB-1440D3.14	0	0	0	2	1	1
ENSG00000273343	XXbac-B444P24.13	0	2	3	1	1	3
ENSG00000273350	RP4-539M6.20	2	6	4	4	6	3
ENSG00000273353	CTA-268H5.12	0	0	0	0	1	0
ENSG00000273362	KB-67B5.17	0	0	0	1	0	0
ENSG00000273366	CTA-989H11.1	1	3	1	7	1	4
ENSG00000273387	RP3-412A9.16	6	3	2	14	8	6
ENSG00000273424	CTA-223H9.9	0	0	2	4	3	0
ENSG00000273428	RP4-539M6.22	0	0	0	1	1	1
ENSG00000273442	AC006946.17	0	2	2	0	3	2
ENSG00000273643	PPP1R26P2	0	0	0	0	8.13953464368388e-07	0
ENSG00000273846	Metazoa_SRP	0	0	0	0.543643095837325	0	0
ENSG00000273866	Metazoa_SRP	0	4.64262226937437	1.7856563209118	1.00340605023376	0.443668454317313	3.32826216378086
ENSG00000273899	NOL12	22.3107187313706	30.0189966913951	39.0173533646776	76.8490027314239	41.504717351032	47.2476113556391
ENSG00000273907	CA15P2	0	2	0	0	0	0
ENSG00000273979	Metazoa_SRP	0	0	0	0	0	2.81337247732676
ENSG00000274044	AC011718.2	0	0	0	0	1	1
ENSG00000274170	RFPL3-AS1_2	0	0	0	0	0	0
ENSG00000274252	GGTLC3	0	0	0	0	0	0
ENSG00000274280	MIR6069	0	0	0	0	0	0
ENSG00000274342	TTC28-AS1_3	0	0	0	0	0	0
ENSG00000274381	LL22NC03-84E4.13	0	0	0	0	0	0
ENSG00000274422	LL22NC03-2H8.5	3	0	2	3	8	0
ENSG00000274457	AC000041.10	0	0	0	0	0	0
ENSG00000274552	MIR6889	0	0	0	0	0	0
ENSG00000274600	RIMBP3B	0	1.66666666666667	3	2.31667388007522	8.42063291482804	5.4
ENSG00000274602	PI4KAP1	26.0531926877224	17.3162775296636	31.2650170546583	105.241771477487	69.1762233853336	68.2365752781098
ENSG00000274617	RFPL3-AS1_1	0	0	0	0	0	0
ENSG00000274625	SCARNA17	0	0	0	0	0	0
ENSG00000274717	RP1-47A17.1	0	0	1	1	2	1
ENSG00000275004	ZNF280B	28	37	38	62	56	42
ENSG00000275060	PPP1R26P3	0	0	0	0	0	0
ENSG00000275293	Metazoa_SRP	0	0	0	0	0	0
ENSG00000275307	TUG1_4	0	0	0	0	2.39737537973595	0
ENSG00000275319	Metazoa_SRP	0.989286691067888	0.996085239490427	0	0.993581458541215	0.988042364644592	0.994539868383614
ENSG00000275361	LL22NC03-88E1.18	0	0	0	0	0	0
ENSG00000275362	Metazoa_SRP	0	0	0	0.543643095837325	0	0
ENSG00000275609	KB-1572G7.4	0	0	0	0	0	1
ENSG00000275635	U7	0	0	0	0	0	0
ENSG00000275656	RFPL3-AS1_1	0	0	0	0	0	0
ENSG00000275772	LL22NC03-24A12.9	0	0	0	0	0	0
ENSG00000275793	RIMBP3	1	3.33333333333333	3	7.0869741752058	12.6309493722421	12.6
ENSG00000275818	MIR6818	0	0	0	0	0	0
ENSG00000275840	Metazoa_SRP	0	0	1.6341549152847	2.51380383209881	5.0958183006564	3.39391136270846
ENSG00000275942	MIAT_exon5_2	0	0	0	0	0	0
ENSG00000276027	RNU12	0.761200824093499	7.9026965943316	2.85704625078751	0.306838405462105	0.856531416071841	0.523630699186926
ENSG00000276057	TUG1_2	0	0	0	0	0	0
ENSG00000276095	AC008103.3	0	0	0	0	0	0
ENSG00000276138	U6	0	0	0	0	0	0
ENSG00000276150	TTC28-AS1_2	0	0	0	0	0	0
ENSG00000276160	GGTLC5P	0	1	1.16600580402126	0	0	2.07637810196538
ENSG00000276162	MIR5739	0	0	1	3	2	2
ENSG00000276400	VN1R9P	0	0	0	0	0	0
ENSG00000276427	IGLL4P	0	0	0	0	1	0
ENSG00000276664	TUG1_1	0	0	0	0.00508162427652121	0.35115819296746	0
ENSG00000276675	TTC28-AS1_4	0	0.955042795890134	0	0	0	0
ENSG00000276753	MIR6821	0	0	0	0	0	0
ENSG00000276800	Metazoa_SRP	0.0107133089321121	0.00391476050957299	0	0.00641854145878495	0.0119576353554078	0.00546013161638646
ENSG00000276871	5_8S_rRNA	0	0	0	0	0	0
ENSG00000276874	AC011718.3	0	0	0	0	0	0
ENSG00000276950	GSTTP1	0	0	0	1	1.04995207308805	0
ENSG00000276965	TUG1_3	0	0	6.79844252279401e-05	0	0	0
ENSG00000276991	MIAT_exon5_3	7.80114119856031	8.29266212135673	0	0	1.03269479244472	1.75707135158687
ENSG00000277017	XXbac-B33L19.6	0	0	0	0	2	1
ENSG00000277232	GTSE1-AS1	2	2	3	1	2	3
ENSG00000277248	U2	0	0	0	0	0	0
ENSG00000277385	Metazoa_SRP	0	1	0.62802899404792	0	0.247987736107421	0
ENSG00000277460	TTC28-AS1_1	0	0	0	0	0	0
ENSG00000277690	XXbac-B33L19.15	0	0	0	0	0	0
ENSG00000277771	Metazoa_SRP	0	0	0	0	0.515304721218154	0
ENSG00000277870	FAM230A	0	1	0	1	3	0
ENSG00000277872	MIR6817	0	0	0	0	0	0
ENSG00000277941	MIAT_exon5_1	0	0	0	0	0	0
ENSG00000277950	Metazoa_SRP	0	2.01122145427536	1.5151951167639	0	1.1124467780692	1.29835145818753
ENSG00000277971	XXbac-B562F10.12	0.104052494201212	0	0	0	0	0
ENSG00000278008	PPP1R26P4	0	0	0	0	1.99999918604654	1
ENSG00000278044	XXbac-B33L19.12	0	0	0	0	0	0
ENSG00000278110	XXbac-B33L19.10	0	0	0	0	0	0
ENSG00000278188	U6	0	0	0	0	0	0
ENSG00000278195	SSTR3	30	35	46	14	12	12
ENSG00000278196	IGLV2-8	0	0	0	0	1	0
ENSG00000278278	MIR6816	0	0	0	0	0	0
ENSG00000278292	RFPL4AP6	0	0	0	0	1	0
ENSG00000278404	MIAT_exon1	0	0	0	0	0	0
ENSG00000278420	MIR6819	0	0	0	0	1	0
ENSG00000278558	TMEM191B	2.40175675516378	1.65717536636296	3.52364817999967	0	1.4141768382767	3.18944680707036
ENSG00000278655	KB-1572G7.5	0	1	0	1	0	0
ENSG00000278657	LL22NC03-23C6.13	0	0	0	0	1	0
ENSG00000278667	LL22NC03-48A11.14	0	0	0	0	0	0
ENSG00000278869	CITF22-49E9.3	0	0	0	0	4	2
ENSG00000278881	FP325331.1	1	4	2	3	1	3
ENSG00000278890	LL22NC03-27C5.1	0	0	0	2	3	0
ENSG00000278920	RP3-412A9.17	16.7756930864628	26.775976696571	26.3995844184684	57.146206012908	44.5809673987741	35.6096452368128
ENSG00000278948	RP5-1039K5.12	14.0702586564251	25.6451318129236	14.1063291785232	22.7482455493091	27.2705418050798	25.6137436293077
ENSG00000278960	CTA-407F11.9	0	0	0	2	1	2
ENSG00000279006	CTA-243E7.2	0	2	1	4	4	3
ENSG00000279010	MIR4534	227.960497929075	272.470544988666	230.463419252778	216.195913875509	183.786156811311	141.89795346522
ENSG00000279080	CTA-228A9.4	32.4163434129277	34.0807049028297	31.2029171234867	71.717469693543	54.3373812180247	33.1838191221915
ENSG00000279085	CTA-243E7.4	6.48726249041191	5.28410178833499	2.45944069363594	11.5849411008961	12.6486199374928	5.19335986992096
ENSG00000279110	CTA-243E7.1	7.18686900996272	9.15549074200542	13.9337838546823	21.9670964254708	30.90986084474	13.4939096368224
ENSG00000279159	RP3-394A18.1	124.176375968075	144.991030794921	119.061418565894	159.458098169575	138.939154636396	124.394769621619
ENSG00000279175	CTA-414D7.1	8.31222221919997	12.0756785601286	8.56557877955026	24.0911824116176	20.9796914128849	24.5503468520878
ENSG00000279182	XX-C00717C00720L.1	0	0	0	0	0	1.25847060747306
ENSG00000279184	RP3-323A16.1	37.5991485421122	26.7037153886422	37.9008436835319	139.316681017035	151.579392322033	111.167528771937
ENSG00000279217	CTA-212A2.3	14.5975305176115	23.8678015247364	27.8061576758768	50.9346238452661	66.9171742253303	42.1821854150005
ENSG00000279219	AL008723.1	0	0	0	0	0	0
ENSG00000279278	CH17-264L24.1	14.5241443407339	18.5640024862231	23.4327932741698	22.4909705519827	29.5781651047093	18.9854469987256
ENSG00000279298	CTA-221G9.11	2.63239152671571	2	1.49571834411675	3.05946843343941	6.03556457387164	3.25189854745356
ENSG00000279345	RP3-522J7.7	3.27157698453715	6.15465907264135	9.61604151502982	5.53233995072968	10.8639903384703	5.84413251371195
ENSG00000279440	CTA-992D9.11	0	0	1	0	9	0
ENSG00000279442	LA16c-60D12.2	0	0	1.12317422026618	2	6.38132865711876	3
ENSG00000279467	KB-1125A3.12	20.2957895344889	16.8270303523014	8.87255999335759	22.1404524769351	17.7238133299536	15.2611379561598
ENSG00000279494	RP11-494O16.4	4.31761613540055	5.41379041744694	3.13647919822237	3.01939516923035	2.93163446356704	2.42410383583251
ENSG00000279548	CTA-243E7.3	1.00330000907015	1.45782320163424	3.46458465301841	3.32998143706646	3.17215297564804	1.30663318331623
ENSG00000279560	AC007326.1	1	2	0	4	3	3
ENSG00000279597	RP4-566L20.1	0	0	0	0	1	5
ENSG00000279642	RP5-1033E15.3	0	0	0	0	0	0
ENSG00000279652	RP1-78B3.1	14.2752974004264	12.5890160532856	8.94032502617934	27.7368407321192	35.2156422489806	23.6084205180147
ENSG00000279699	RP1-102K2.9	5.02705102706104	3	5	0	1.17502290464181	1.23211052038297
ENSG00000279712	CTA-280A3.2	4	3	4.34659047667705	11	13	16
ENSG00000279714	CTA-212A2.2	5.18282720276431	5.51021597085363	7.17386097286939	5.31710699322819	5.50953869106446	5.30579180971679
ENSG00000279738	RP5-1014D13.2	47.0858894175954	54.6744963385037	48.1152525182199	102.474234774415	95.9274245330253	64.6140524929917
ENSG00000279805	CTA-212A2.1	1	1	2	1	2	0
ENSG00000279833	RP4-742C19.13	14.3493215281585	24.0579926661305	14.4247974124254	9.79298476169359	10.776997352422	6.85736265524846
ENSG00000279848	CTA-992D9.9	0	0	0	0	0	0
ENSG00000279914	CTA-992D9.10	0	0	1	0	0	0
ENSG00000279920	KB-1183D5.18	0	0	0	2	1	1
ENSG00000279927	CTA-212A2.4	2.2320790169625	2.02043299396896	3.07895130929956	9.54125557302696	6.13772696053148	12.1775061024502
ENSG00000279933	RP4-671O14.5	0	0	1.43094478046644	6.44206879774363	5.88347838683306	5.59346553705089
ENSG00000279954	WI2-85898F10.2	0	4	4.32447775456754	0	2.61746653020057	0
ENSG00000279973	BAGE5	0	0	0	0	0	0
ENSG00000279987	AC008103.4	0	0	0	0	3	0
ENSG00000280007	AC008079.10	72.8609821213778	93.1295992556518	67.3213738934935	29.3608040322244	25.9949300492549	20.4534952460817
ENSG00000280011	RP4-671O14.7	6.13667541776491	21.7012872774978	11.7121635839343	19.5340735125741	27.8498539967561	15.5579075450074
ENSG00000280025	CTA-992D9.8	0	0	0	1	6	2
ENSG00000280080	U51561.1	1	1	2	1	4	2
ENSG00000280156	AC006548.28	38.9524983553194	36.2704062163858	41.8186455019105	79.3669204366647	153.928891483869	63.5142252834546
ENSG00000280178	AP000349.2	0	0	1	2.2908898011035	0	0.241773986433036
ENSG00000280199	RP1-34P24.3	0	0	0	0	3	0
ENSG00000280216	RP3-333H23.9	1	2	2	0	0	0
ENSG00000280224	CTA-722E9.1	0	0	0	1	1	3
ENSG00000280263	ACTR3BP2	0	0	0	0	0	0
ENSG00000280312	RP1-111J24.1	1	1	0	1	3	0
ENSG00000280341	LA16c-60D12.1	1.075250599997	9.71911909256641	3.73010196716357	11.1960050441236	14.3471256116176	9.39338378416013
ENSG00000280356	RP1-101G11.3	3.00244844783946	3.17661382589508	0	8.33176644718747	7.0222158255547	4
ENSG00000280363	CU104787.1	0	0	0	0	0	0
ENSG00000280383	CTA-941F9.10	29.3200717122794	33.9957380278947	22.9073494221514	62.908874485364	48.304608304082	50.9782038590041
ENSG00000280384	RP4-695O20.1	2.05557828729476	2.9539241828583	3.80953844235469	7.88286317906417	8.71053731412026	5.48124929904507
ENSG00000280395	RP5-898I4.1	3.27546443161338	5.83016653211036	8.35649240290327	3.08512463171934	13.0101110196818	3.19787932517537
ENSG00000280418	AC007326.10	1.00616633583637	2	1	1	6	1
ENSG00000280424	CITF22-92A6.2	3	3.18477834779121	2	4.08272826254175	5	2.0464601647438
ENSG00000280434	RP4-671O14.6	16.1293644368512	18.9561074430596	12.3280057248843	38.8241393648675	33.3593639012745	26.5407207603039
ENSG00000280445	RP1-205F14P.1	0	0	0	1	0	0
ENSG00000280623	PCAT14	2.01657070821488	1.15631490294586	3.24275927379243	210.536259511786	161.477660893433	197.048743874768
ENSG00000280968	MIR3653	2	0	0	2	1	1
ENSG00000281295	SNORA50	0	0	0	0	0	0
ENSG00000281530	DGCR12	2	1	7	2	2	4
ENSG00000281538	RP4-669P10.20	4	10.3106906855098	9.16010598890463	1.27948728386823	2	7
ENSG00000281548	LINC00895	1	0	1.41245756970243	3.08044530829973	1.50368806579123	4.72552749297876
ENSG00000281732	CTA-299D3.8	17	14	16	0	1	1
ENSG00000282012	LL22NC03-N95F10.1	2	4	1	1	1	1
ENSG00000282041	CTA-286B10.8	0	0	0	0	2.34945911908533	0
ENSG00000282602	CTA-286B10.7	0	0	0.434731995018666	0	1.30466779149167	0
ENSG00000282816	AC000035.3	0	0	0	0	0	0
ENSG00000283023	FRG1GP	0	0	0	0	0	0
ENSG00000283047	FRG1FP	0	0	0	0	0	0
ENSG00000283145	KB-1592A4.16	0	0	0	0	0	0
ENSG00000283225	MIR3199-2	0	0	0	0	0	0.999999988148195
ENSG00000283366	AC000095.12	16.2502074552818	17.2071460461431	16.5690661585697	2	1	0
ENSG00000283406	DGCR5	18.4279267592711	21.3052924027086	23.6923398864188	0	2	0
ENSG00000283438	Metazoa_SRP	1	0	0	0	0	0
ENSG00000283535	AC007064.29	0	0	0	0	0	0
ENSG00000283583	AC007326.12	4	7	1	1	0	2
ENSG00000283633	AC005301.9	3	8.99999985347926	6	23.5368248015732	17.3387489046091	25.3268251561386
